,DATE,DAILYAverageDryBulbTemp,DAILYPrecip,DAILYAverageStationPressure,DAILYAverageWindSpeed,DAILYAverageDewPointTemp
59324,1-Jan-09,37,0,30.29,6.2,15
59351,2-Jan-09,47,0,30.05,7.4,43
59390,3-Jan-09,53,0,30.07,1.9,48
59459,4-Jan-09,56,0.27,30.1,2.9,55
59502,5-Jan-09,60,0,30.04,6.5,57
59542,6-Jan-09,62,0,29.81,15.3,58
59578,7-Jan-09,59,0.04,29.59,18.1,48
59603,8-Jan-09,54,0,29.76,10.6,32
59628,9-Jan-09,40,0,30.17,3.7,26
59653,10-Jan-09,49,0,30.15,8.8,46
59690,11-Jan-09,58,0.11,29.9,9.2,54
59717,12-Jan-09,45,0,30.18,6.7,32
59772,13-Jan-09,40,0.48,29.96,7,38
59801,14-Jan-09,41,0,30.11,4.3,32
59826,15-Jan-09,44,0,30.22,7,25
59851,16-Jan-09,28,0,30.55,9.1,2
59876,17-Jan-09,30,0,30.46,3.9,8
59920,18-Jan-09,42,0.51,29.91,8.5,38
59958,19-Jan-09,44,T,29.68,2.9,37
60002,20-Jan-09,38,0.11,29.63,7.4,31
60027,21-Jan-09,30,0,30.07,4.2,16
60052,22-Jan-09,38,0,30.16,9.5,24
60077,23-Jan-09,46,0,30.11,11,38
60117,24-Jan-09,53,0.2,30.03,5.5,49
60149,25-Jan-09,44,0,30.18,7.8,29
60186,26-Jan-09,42,0.01,30.29,4.6,30
60243,27-Jan-09,46,0.02,30.31,4.6,44
60290,28-Jan-09,58,0.11,29.99,9.8,56
60341,29-Jan-09,47,0.26,29.92,2.5,46
60384,30-Jan-09,46,0,29.94,3.3,35
60409,31-Jan-09,40,0,30.15,3.7,21
60434,1-Feb-09,46,0,30.2,10.9,38
60474,2-Feb-09,48,0.16,29.99,2.3,44
60513,3-Feb-09,44,0.02,29.83,8.9,28
60540,4-Feb-09,37,T,30.03,9.5,17
60565,5-Feb-09,29,0,30.44,6.7,7
60590,6-Feb-09,34,0,30.46,6.9,22
60615,7-Feb-09,47,0,30.41,8.2,35
60640,8-Feb-09,59,0,30.27,5.9,40
60665,9-Feb-09,54,0,30.28,5.7,45
60690,10-Feb-09,57,T,30.26,3,52
60717,11-Feb-09,59,0,30.09,11.6,53
60744,12-Feb-09,62,T,29.93,9,38
60769,13-Feb-09,56,0,30.04,5.8,33
60800,14-Feb-09,54,0.01,29.92,4.3,42
60826,15-Feb-09,50,0,30.01,8.8,37
60851,16-Feb-09,42,T,30.09,6.2,30
60876,17-Feb-09,36,0,30.27,6.1,23
60905,18-Feb-09,53,0.43,29.95,15,48
60943,19-Feb-09,57,0.65,29.64,11.2,40
60968,20-Feb-09,40,0,30.05,5.3,15
60993,21-Feb-09,39,0,30.25,4.2,27
61018,22-Feb-09,48,0,30.08,10.3,27
61043,23-Feb-09,38,0,30.33,6.9,12
61068,24-Feb-09,34,0,30.38,5.3,18
61093,25-Feb-09,40,0,30.4,4.1,32
61122,26-Feb-09,46,0,30.33,3.3,40
61147,27-Feb-09,60,0,30.14,8.7,50
61187,28-Feb-09,58,0.38,29.94,6.5,55
61230,1-Mar-09,48,0.71,29.71,10.2,43
61262,2-Mar-09,34,T,29.92,8.2,27
61287,3-Mar-09,32,0,30.3,6.4,13
61312,4-Mar-09,32,0,30.43,4.1,18
61337,5-Mar-09,40,0,30.44,4,31
61362,6-Mar-09,54,0,30.33,12.7,47
61387,7-Mar-09,56,0,30.22,10.5,50
61412,8-Mar-09,61,0,30.1,12.9,52
61437,9-Mar-09,68,0,30.02,7.3,54
61463,10-Mar-09,60,0,30.14,10.3,50
61511,11-Mar-09,62,0,30.11,8.1,56
61539,12-Mar-09,58,0,30.23,10.2,40
61566,13-Mar-09,48,0,30.24,9.7,37
61601,14-Mar-09,49,0,30.18,5.1,45
61659,15-Mar-09,56,0.1,30.1,2.1,54
61716,16-Mar-09,56,0.74,30.13,4,54
61750,17-Mar-09,54,0.08,30.13,8.1,48
61783,18-Mar-09,50,0,30.23,3.9,43
61812,19-Mar-09,58,0,30.07,5.5,50
61838,20-Mar-09,54,0.01,30.15,9.8,42
61863,21-Mar-09,49,0,30.39,7.6,34
61888,22-Mar-09,48,0,30.35,5.4,35
61937,23-Mar-09,52,0,30.25,5.3,41
61962,24-Mar-09,54,0,30.3,11,41
62003,25-Mar-09,53,0.41,30.25,10.3,46
62056,26-Mar-09,62,0.3,30.04,10.4,58
62094,27-Mar-09,64,0.3,29.89,7.6,60
62150,28-Mar-09,65,0.43,29.78,8.8,62
62187,29-Mar-09,62,0.02,29.61,15.1,53
62213,30-Mar-09,56,0,29.93,9.1,42
62248,31-Mar-09,56,0,30.05,6,50
62290,1-Apr-09,64,0.06,29.94,4.8,59
62345,2-Apr-09,63,0.85,29.81,8.1,61
62386,3-Apr-09,68,0,29.51,12.7,54
62411,4-Apr-09,58,0,29.86,8.2,46
62438,5-Apr-09,60,T,29.88,6.6,55
62479,6-Apr-09,64,0.06,29.53,17.3,50
62504,7-Apr-09,48,T,29.69,9.9,29
62529,8-Apr-09,49,0,29.9,11.7,34
62554,9-Apr-09,64,0,29.9,11.5,47
62580,10-Apr-09,66,0,29.98,12.6,58
62614,11-Apr-09,66,0.13,29.84,8.3,53
62639,12-Apr-09,54,0,30.13,6.2,44
62670,13-Apr-09,58,0.01,30.11,8.4,52
62702,14-Apr-09,68,0.11,29.74,11.6,61
62742,15-Apr-09,64,0.01,29.8,6,55
62767,16-Apr-09,57,0,30.14,10.2,38
62792,17-Apr-09,52,0,30.29,6.8,34
62830,18-Apr-09,56,0,30.18,6.9,45
62855,19-Apr-09,60,0,30.03,10.2,55
62880,20-Apr-09,69,0,29.81,15.9,62
62906,21-Apr-09,68,0,29.77,10.8,52
62931,22-Apr-09,61,0,29.88,9.9,35
62986,23-Apr-09,64,0,30.07,7.3,48
63030,24-Apr-09,66,0,30.23,6,64
63064,25-Apr-09,70,0,30.32,6.9,65
63102,26-Apr-09,68,0,30.35,5.7,63
63151,27-Apr-09,66,0,30.39,3.4,61
63200,28-Apr-09,66,0,30.36,5.5,60
63232,29-Apr-09,66,0,30.27,5.8,61
63279,30-Apr-09,66,0,30.26,6.5,64
63306,1-May-09,75,T,30.13,14.6,65
63331,2-May-09,74,T,29.99,16.3,66
63357,3-May-09,74,0,29.95,15.6,NA
63388,4-May-09,72,0.04,NA,13.4,NA
63426,5-May-09,71,0.98,30,11,67
63461,6-May-09,74,0,30.02,11.6,69
63492,7-May-09,74,0.56,29.91,11.6,69
63517,8-May-09,74,0,29.9,10.9,68
63542,9-May-09,76,0,29.9,12.8,68
63567,10-May-09,76,0.01,29.97,4.8,64
63604,11-May-09,66,0.18,29.99,5.4,62
63629,12-May-09,62,0,30.13,7.7,50
63654,13-May-09,66,0,30.21,11.6,57
63703,14-May-09,72,0.18,30.17,7.3,68
63741,15-May-09,72,0,30.16,5.1,68
63778,16-May-09,73,T,30.09,7.3,68
63823,17-May-09,68,0.98,29.97,11.5,64
63867,18-May-09,55,0.25,30.12,14.8,47
63892,19-May-09,60,T,30.21,15.6,46
63926,20-May-09,66,T,30.23,12.7,58
63953,21-May-09,72,0,30.19,12.6,61
63979,22-May-09,72,0,30.13,8.3,65
64006,23-May-09,74,0,30.1,6.9,67
64038,24-May-09,76,0,30.03,6.2,69
64085,25-May-09,74,0.24,29.96,4.5,69
64122,26-May-09,74,0.01,29.93,6.1,69
64157,27-May-09,74,0,29.86,7.4,67
64210,28-May-09,74,0.01,29.81,8,70
64259,29-May-09,76,0.7,29.78,8.1,70
64300,30-May-09,76,0,29.79,5.1,68
64341,31-May-09,76,0.01,29.85,8.2,68
64374,1-Jun-09,76,0.02,29.98,5.2,69
64411,2-Jun-09,76,0,30.06,7.4,71
64452,3-Jun-09,76,0,30.01,7.6,70
64483,4-Jun-09,76,0.25,29.9,8.9,70
64529,5-Jun-09,76,0.03,29.76,11.6,70
64574,6-Jun-09,73,T,29.88,6.4,68
64620,7-Jun-09,76,0.2,29.96,6.3,70
64668,8-Jun-09,75,0,29.94,5.3,71
64707,9-Jun-09,76,0,29.89,6,71
64744,10-Jun-09,76,0.16,29.89,5.8,67
64776,11-Jun-09,76,0.35,29.84,6.5,71
64807,12-Jun-09,80,0.78,29.8,9.2,72
64837,13-Jun-09,80,0.85,29.83,5.4,72
64870,14-Jun-09,80,0.96,29.86,4.4,72
64922,15-Jun-09,78,0.26,29.92,6.1,73
64967,16-Jun-09,78,0.24,29.95,7.7,71
64999,17-Jun-09,76,0.01,30,8.2,69
65030,18-Jun-09,82,T,29.89,9.2,71
65055,19-Jun-09,84,0,29.83,7.8,72
65080,20-Jun-09,86,0,29.77,5.6,72
65105,21-Jun-09,85,0,29.66,5.7,67
65130,22-Jun-09,78,0,29.66,4.6,65
65155,23-Jun-09,80,T,29.69,5.9,67
65184,24-Jun-09,77,0.02,29.79,6.9,69
65209,25-Jun-09,82,0.07,29.82,6.9,72
65241,26-Jun-09,81,0.17,29.8,11.1,72
65270,27-Jun-09,86,T,29.73,5.3,73
65295,28-Jun-09,80,0,29.7,7.4,71
65325,29-Jun-09,84,0,29.61,6.3,72
65350,30-Jun-09,82,0,29.58,6.7,67
65376,1-Jul-09,82,0,29.69,11.5,69
65405,2-Jul-09,82,0,29.8,9.4,73
65430,3-Jul-09,80,0,29.9,6.6,65
65455,4-Jul-09,74,0,29.99,6.8,63
65481,5-Jul-09,82,0.14,29.88,12.1,75
65513,6-Jul-09,79,0.44,29.76,8.4,72
65556,7-Jul-09,78,0.05,29.74,3.8,72
65581,8-Jul-09,79,0.05,29.83,3.4,71
65617,9-Jul-09,74,0.51,29.98,4.1,68
65642,10-Jul-09,75,0,30.17,8.2,64
65673,11-Jul-09,74,0,30.19,7.1,63
65698,12-Jul-09,80,0,30.05,12,67
65739,13-Jul-09,78,0.63,29.91,6,71
65773,14-Jul-09,80,T,29.98,5.7,69
65798,15-Jul-09,77,0,30.09,6.9,69
65839,16-Jul-09,78,0.87,29.98,7.5,73
65872,17-Jul-09,81,0.28,29.83,11.2,74
65905,18-Jul-09,80,0,29.87,5.8,69
65930,19-Jul-09,76,0,29.99,5.2,69
65959,20-Jul-09,78,0.01,29.98,4.3,71
65984,21-Jul-09,76,0,30.02,5.3,68
66019,22-Jul-09,78,0,30.02,5.9,71
66053,23-Jul-09,79,T,29.91,9,73
66097,24-Jul-09,80,1.91,29.89,8.8,73
66122,25-Jul-09,82,0,29.94,11.7,74
66149,26-Jul-09,84,0,29.96,15.1,73
66181,27-Jul-09,81,0,29.99,12.7,73
66216,28-Jul-09,82,0,29.97,13.1,74
66251,29-Jul-09,82,0.13,29.95,14.4,73
66282,30-Jul-09,81,0.22,29.99,11.4,73
66317,31-Jul-09,82,0.12,30.04,12.1,75
66352,1-Aug-09,80,0,30.04,9.7,74
66391,2-Aug-09,80,0.98,29.98,12,74
66429,3-Aug-09,80,0.41,29.97,6.3,72
66455,4-Aug-09,82,T,29.98,7.7,75
66495,5-Aug-09,82,0,29.96,11.4,75
66526,6-Aug-09,81,0,29.92,9.9,74
66551,7-Aug-09,78,0,30.07,6.4,69
66577,8-Aug-09,78,0,30.17,5.1,71
66602,9-Aug-09,80,0,30.16,6.8,72
66627,10-Aug-09,82,0,30.06,9.3,72
66652,11-Aug-09,85,T,29.95,8.2,73
66687,12-Aug-09,84,0.18,29.91,5.6,75
66739,13-Aug-09,81,0.08,30,2.9,73
66782,14-Aug-09,79,0.07,30.07,3.5,72
66818,15-Aug-09,80,T,30.1,3.5,71
66843,16-Aug-09,80,T,30.14,3,71
66868,17-Aug-09,82,0,30.16,4,73
66911,18-Aug-09,81,0,30.12,4.8,73
66943,19-Aug-09,84,0,30.05,7.5,74
66977,20-Aug-09,83,0,30,8.1,76
67010,21-Aug-09,85,0.11,29.93,10,76
67044,22-Aug-09,82,0.25,29.8,8.7,74
67076,23-Aug-09,81,0,29.82,7.4,72
67103,24-Aug-09,81,0,29.97,4.7,68
67142,25-Aug-09,79,0,30.05,4.6,71
67167,26-Aug-09,82,0,30.06,4.7,73
67198,27-Aug-09,82,0,30.03,4,73
67233,28-Aug-09,82,0.03,29.92,6.1,73
67271,29-Aug-09,82,0,29.8,8.7,73
67301,30-Aug-09,82,0.12,29.89,8.3,73
67347,31-Aug-09,77,0.71,29.98,4.9,70
67382,1-Sep-09,76,0,30.06,12,64
67408,2-Sep-09,74,0.03,30.06,11.2,61
67435,3-Sep-09,77,0.01,29.96,9.1,64
67460,4-Sep-09,76,0,29.98,4.5,63
67495,5-Sep-09,76,0,30.07,5.5,64
67522,6-Sep-09,77,0.02,30.08,9.7,64
67572,7-Sep-09,77,0.04,29.92,10.1,69
67612,8-Sep-09,78,0.01,29.9,6.6,67
67642,9-Sep-09,77,0,30.01,5.7,64
67672,10-Sep-09,75,0,30.08,7.8,63
67698,11-Sep-09,72,0,30.08,2.5,62
67736,12-Sep-09,74,0,29.96,3.6,64
67765,13-Sep-09,76,0,29.9,3.7,66
67795,14-Sep-09,74,0,29.96,3.5,62
67820,15-Sep-09,74,T,29.96,3.8,64
67846,16-Sep-09,76,0,29.95,3.5,65
67871,17-Sep-09,79,0,30.01,5.1,67
67896,18-Sep-09,77,T,30.04,3.8,67
67938,19-Sep-09,78,0,30.08,7.5,67
67971,20-Sep-09,78,T,30.14,9.4,67
67996,21-Sep-09,78,0,30.12,7.9,64
68054,22-Sep-09,80,0.44,30.07,6.1,72
68105,23-Sep-09,80,1.78,30.09,4.5,72
68133,24-Sep-09,80,0,30.05,4.1,72
68175,25-Sep-09,80,0.33,30.02,5.5,72
68213,26-Sep-09,75,T,29.98,6.8,68
68244,27-Sep-09,78,T,29.74,7.6,67
68269,28-Sep-09,78,0,29.72,11.3,64
68294,29-Sep-09,69,0,29.8,5.2,43
68319,30-Sep-09,66,0,29.93,4.5,48
68344,1-Oct-09,66,0,29.99,4.6,51
68369,2-Oct-09,70,0,29.91,4.4,62
68394,3-Oct-09,74,0,29.86,6.5,64
68419,4-Oct-09,70,0,29.98,2.8,51
68444,5-Oct-09,66,0.62,29.98,8.1,59
68477,6-Oct-09,69,0,29.89,4.3,63
68504,7-Oct-09,78,0,29.87,8.4,68
68529,8-Oct-09,67,0,30.09,6.7,51
68559,9-Oct-09,74,0,29.99,9.2,70
68593,10-Oct-09,82,0.19,29.92,7.2,73
68625,11-Oct-09,69,0,30.09,6.8,62
68670,12-Oct-09,68,0.58,30.13,8.7,59
68707,13-Oct-09,71,0.01,30.07,4.8,58
68739,14-Oct-09,60,0.25,30.01,10.5,56
68777,15-Oct-09,60,T,29.78,6.5,54
68813,16-Oct-09,58,0.11,29.72,6.6,53
68846,17-Oct-09,58,0,29.88,6.6,47
68871,18-Oct-09,52,0,30.02,7.4,39
68896,19-Oct-09,54,0,30.19,4.7,38
68931,20-Oct-09,54,0,30.23,1.9,42
68967,21-Oct-09,58,0,30.2,2.2,46
69008,22-Oct-09,64,0,30.09,3.8,57
69036,23-Oct-09,70,0,29.95,7.6,64
69061,24-Oct-09,77,0,29.8,10.4,68
69089,25-Oct-09,69,0,29.94,8.3,55
69144,26-Oct-09,60,0.46,30.05,7.5,54
69198,27-Oct-09,68,0.06,29.99,5.4,62
69242,28-Oct-09,73,0.61,29.87,6.7,68
69270,29-Oct-09,68,0,30.08,7.2,57
69304,30-Oct-09,68,T,30.11,6.8,59
69350,31-Oct-09,72,0.04,29.95,6.3,68
69396,1-Nov-09,68,0,29.89,8,61
69427,2-Nov-09,57,0,30.03,6.2,51
69456,3-Nov-09,60,0,30.1,3.9,48
69497,4-Nov-09,62,0,30.19,4.2,50
69530,5-Nov-09,59,0,30.14,4.5,43
69555,6-Nov-09,55,0,30.26,4.9,35
69584,7-Nov-09,54,0,30.26,2.9,42
69630,8-Nov-09,59,0,30.25,1.5,48
69655,9-Nov-09,64,T,30.3,5.7,57
69721,10-Nov-09,69,1.25,30.11,7.5,63
69787,11-Nov-09,64,3.63,29.75,11.6,60
69830,12-Nov-09,54,0.03,29.58,12.8,48
69867,13-Nov-09,55,0.04,29.62,11.5,49
69907,14-Nov-09,58,0,29.85,6,52
69967,15-Nov-09,62,0,29.93,2.2,53
70025,16-Nov-09,60,0,29.99,1.7,50
70071,17-Nov-09,60,0,30.03,6.7,51
70121,18-Nov-09,66,0.68,30.06,7.2,59
70156,19-Nov-09,72,0.02,30.03,4.3,64
70190,20-Nov-09,65,0,30.02,7.2,55
70217,21-Nov-09,58,0,30.05,7.5,47
70245,22-Nov-09,52,0.23,30.09,9.3,45
70278,23-Nov-09,60,0.01,30.03,8,55
70313,24-Nov-09,56,0,30.08,3.3,51
70349,25-Nov-09,54,0.04,30.01,2.3,50
70385,26-Nov-09,53,0,29.83,4.6,47
70410,27-Nov-09,50,0,29.85,6.9,33
70435,28-Nov-09,48,0,30,3.1,31
70462,29-Nov-09,52,0,30.03,5.4,43
70489,30-Nov-09,60,0.12,29.87,9.6,47
70516,1-Dec-09,47,0,30.06,5.4,38
70583,2-Dec-09,61,3.07,29.86,11.5,59
70610,3-Dec-09,60,0.01,29.76,8.1,51
70646,4-Dec-09,52,0.16,30.03,4.8,45
70693,5-Dec-09,48,0.66,29.88,6.6,46
70726,6-Dec-09,43,0,30.24,4.9,35
70754,7-Dec-09,49,T,30.22,5.8,41
70790,8-Dec-09,55,0.05,30.15,8.6,44
70846,9-Dec-09,66,0.09,29.65,20,63
70871,10-Dec-09,56,0,29.82,6.4,30
70896,11-Dec-09,40,0,30.31,6.6,13
70925,12-Dec-09,42,0.02,30.47,8.6,26
70973,13-Dec-09,58,0.5,30.12,7.1,58
71027,14-Dec-09,52,0,30.09,2.4,50
71075,15-Dec-09,62,0.02,29.99,4.2,59
71100,16-Dec-09,48,0,30.24,8,28
71125,17-Dec-09,42,0,30.29,5.2,24
71178,18-Dec-09,45,2.96,29.9,14.5,39
71209,19-Dec-09,44,T,29.53,8.3,37
71234,20-Dec-09,46,0,29.92,4,34
71259,21-Dec-09,40,0,30.13,3.3,31
71284,22-Dec-09,42,0,30.17,3.4,31
71309,23-Dec-09,44,0,30.21,2.1,34
71336,24-Dec-09,50,0,30.17,10.6,38
71395,25-Dec-09,56,0.59,29.9,11.1,55
71426,26-Dec-09,49,0,29.92,3.9,43
71451,27-Dec-09,48,T,30.02,5.5,36
71476,28-Dec-09,45,0,29.92,7.2,29
71501,29-Dec-09,39,0,30.18,5.3,22
71533,30-Dec-09,40,0.12,30.37,8.2,30
71582,31-Dec-09,50,0.45,30.09,2,48
71627,1-Jan-10,47,0.01,29.93,5,43
71652,2-Jan-10,34,0,30.01,7.4,17
71677,3-Jan-10,30,0,30.03,7,7
71702,4-Jan-10,32,0,29.98,4.6,12
71727,5-Jan-10,32,0,29.98,3.5,16
71752,6-Jan-10,34,0,30.03,4.3,17
71777,7-Jan-10,34,T,30.07,4.8,25
71795,8-Jan-10,39,0.02,NA,NA,NA
71820,9-Jan-10,30,0,30.15,5.1,12
71845,10-Jan-10,31,0,30.26,6.9,14
71870,11-Jan-10,32,0,30.27,5.9,20
71895,12-Jan-10,38,0,30.15,6,19
71920,13-Jan-10,34,0,30.3,2.5,21
71947,14-Jan-10,38,0,30.28,2.2,27
71972,15-Jan-10,44,0,30.25,1.2,32
71998,16-Jan-10,47,0.1,30.19,5,38
72055,17-Jan-10,57,0.65,29.72,13.7,55
72082,18-Jan-10,54,0,29.83,5.8,44
72129,19-Jan-10,49,0,29.96,4.6,44
72154,20-Jan-10,54,0,29.91,5.2,45
72199,21-Jan-10,48,0.46,29.87,8,45
72234,22-Jan-10,46,T,29.76,7.2,41
72263,23-Jan-10,48,0,30.07,8.2,38
72288,24-Jan-10,54,T,29.91,10.1,52
72328,25-Jan-10,58,0.84,29.56,14.2,47
72353,26-Jan-10,46,0,29.87,9.7,26
72378,27-Jan-10,40,0,30.17,2.2,29
72403,28-Jan-10,44,0,30.19,5.4,37
72429,29-Jan-10,48,0,30.16,9.6,31
72466,30-Jan-10,34,0.36,29.88,12.9,30
72497,31-Jan-10,33,0,30.11,8.1,22
72522,1-Feb-10,38,0,30.29,4.2,25
72569,2-Feb-10,50,1.08,29.98,8.7,46
72597,3-Feb-10,45,0,30.05,7.1,36
72626,4-Feb-10,42,0,30.28,7,32
72683,5-Feb-10,54,1.37,29.88,12.3,48
72722,6-Feb-10,46,0,29.54,9.8,38
72751,7-Feb-10,40,0,29.93,6.2,23
72776,8-Feb-10,38,0,30.09,3.9,29
72815,9-Feb-10,50,0.41,29.91,7.9,45
72844,10-Feb-10,45,0,29.66,14,21
72869,11-Feb-10,40,0,29.87,6.1,22
72903,12-Feb-10,36,0.04,29.88,5.8,25
72945,13-Feb-10,38,0.03,29.72,7.4,28
72970,14-Feb-10,38,0,29.92,4.9,27
72997,15-Feb-10,48,0.06,29.84,11.2,40
73022,16-Feb-10,39,0,29.82,5.9,24
73047,17-Feb-10,38,0,29.84,4.2,22
73072,18-Feb-10,42,0,29.93,5.8,24
73097,19-Feb-10,44,0,30.05,4.6,31
73124,20-Feb-10,42,0,30.12,3.3,30
73150,21-Feb-10,45,0,30.08,3.4,38
73207,22-Feb-10,52,0.45,29.79,4.2,51
73263,23-Feb-10,54,0,29.67,4.5,49
73299,24-Feb-10,49,0.16,29.73,4.7,46
73340,25-Feb-10,40,0.02,29.74,9.1,25
73365,26-Feb-10,41,0,29.81,8.8,16
73390,27-Feb-10,42,0,29.72,5.9,25
73415,28-Feb-10,44,0,29.77,5.5,27
73440,1-Mar-10,40,0,29.96,4.2,30
73476,2-Mar-10,40,0.84,29.67,9.4,37
73508,3-Mar-10,42,T,29.61,6.9,33
73533,4-Mar-10,44,0,29.84,5.5,29
73558,5-Mar-10,44,0,30.01,5.4,22
73583,6-Mar-10,46,0,30.14,5.8,25
73628,7-Mar-10,44,0,30.16,5.8,32
73653,8-Mar-10,54,0,30.02,6.9,31
73678,9-Mar-10,50,0,29.98,7.2,42
73705,10-Mar-10,55,0.04,29.96,5.3,51
73773,11-Mar-10,60,0.77,29.87,4.9,58
73822,12-Mar-10,66,T,29.6,10.1,58
73854,13-Mar-10,62,0.08,29.44,10.8,46
73879,14-Mar-10,55,T,29.54,8.8,39
73904,15-Mar-10,57,0,29.67,5.5,40
73929,16-Mar-10,54,0,29.91,6.1,40
73956,17-Mar-10,50,0.06,30,3.3,39
73981,18-Mar-10,55,0.01,29.82,6,39
74006,19-Mar-10,60,T,29.9,7.3,41
74035,20-Mar-10,56,0,30.04,5.9,46
74066,21-Mar-10,57,0.01,30.01,6,53
74098,22-Mar-10,55,0.15,29.8,11.4,46
74123,23-Mar-10,54,T,29.82,8.6,38
74150,24-Mar-10,55,0,30.02,6.4,45
74184,25-Mar-10,59,0,29.98,8.4,52
74210,26-Mar-10,62,0.01,29.68,11.4,49
74236,27-Mar-10,50,0,30.16,11.4,38
74261,28-Mar-10,57,T,30.03,10.6,53
74301,29-Mar-10,63,1.27,29.64,6.9,57
74332,30-Mar-10,62,0.19,29.73,7.2,47
74357,31-Mar-10,61,0,29.94,6.8,44
74400,1-Apr-10,62,0,30.04,4.2,48
74441,2-Apr-10,62,0,30.07,4.2,54
74483,3-Apr-10,61,0,30.08,5.4,59
74515,4-Apr-10,66,0,30.12,9.6,62
74540,5-Apr-10,68,0,30.14,11,61
74567,6-Apr-10,65,0,30.06,13.2,60
74592,7-Apr-10,68,0,29.99,14.2,60
74621,8-Apr-10,68,0.03,29.86,13.7,62
74657,9-Apr-10,60,0.08,29.84,8.1,51
74682,10-Apr-10,56,0,30.25,5.8,42
74721,11-Apr-10,56,0,30.29,3.7,48
74771,12-Apr-10,60,0,30.23,3.7,53
74811,13-Apr-10,62,0,30.28,5,54
74871,14-Apr-10,58,0,30.37,7.2,53
74896,15-Apr-10,56,0,30.35,5.2,45
74921,16-Apr-10,64,0,30.12,10.5,54
74946,17-Apr-10,72,T,29.85,11.6,58
74971,18-Apr-10,60,0,29.91,7.9,45
74997,19-Apr-10,56,0,30,4.6,47
75028,20-Apr-10,58,T,29.97,6.5,50
75064,21-Apr-10,65,0.29,29.79,4.9,54
75089,22-Apr-10,66,0,29.82,5.4,49
75117,23-Apr-10,68,0,29.9,8.1,57
75147,24-Apr-10,68,T,29.94,3.9,61
75198,25-Apr-10,72,0.41,29.67,17.8,66
75226,26-Apr-10,74,0,29.38,12.3,56
75254,27-Apr-10,64,0.15,29.5,8.1,50
75279,28-Apr-10,58,0,29.8,5.5,41
75304,29-Apr-10,58,0,30.01,7.6,48
75329,30-Apr-10,67,0,29.99,11.6,60
75367,1-May-10,73,0,29.98,11.7,68
75410,2-May-10,76,0,30,13.5,71
75453,3-May-10,76,0,29.97,16.5,71
75510,4-May-10,71,0.44,29.91,6.4,70
75544,5-May-10,71,0,29.94,4.4,66
75589,6-May-10,72,0,29.9,7,68
75614,7-May-10,77,0,29.94,8.2,69
75639,8-May-10,82,0,29.81,11.8,61
75664,9-May-10,63,0,30.06,6.9,37
75689,10-May-10,60,0,30.25,7.6,46
75716,11-May-10,66,T,30.27,8.6,59
75743,12-May-10,74,0,30.18,14.3,65
75768,13-May-10,73,0,30.19,10,66
75801,14-May-10,74,0,30.23,9.3,68
75826,15-May-10,75,0,30.15,11.5,67
75853,16-May-10,74,0,30.05,9.8,69
75901,17-May-10,74,0.32,29.96,6.8,70
75947,18-May-10,74,0.93,29.83,3.9,68
75980,19-May-10,76,0.06,29.82,6.3,69
76024,20-May-10,72,0,29.96,5.8,65
76051,21-May-10,72,0,30.07,5.5,63
76076,22-May-10,74,T,30.05,5.5,64
76106,23-May-10,72,0.57,30.01,4.5,67
76141,24-May-10,74,0.08,30.01,8.7,67
76173,25-May-10,75,0,29.99,9.5,65
76216,26-May-10,74,T,29.83,9.4,65
76241,27-May-10,76,0,29.75,5.3,65
76275,28-May-10,74,0,29.8,7.1,69
76328,29-May-10,74,0.09,29.91,7.5,69
76364,30-May-10,75,0,29.98,7.5,70
76396,31-May-10,79,0,30.05,9.9,70
76443,1-Jun-10,78,0.06,29.97,10.2,72
76501,2-Jun-10,78,0.4,29.86,7.5,73
76526,3-Jun-10,78,0,29.81,9.2,72
76555,4-Jun-10,83,0.02,29.88,10.7,75
76591,5-Jun-10,83,0,29.87,7.4,75
76616,6-Jun-10,85,0,29.77,10.6,72
76641,7-Jun-10,78,0,29.84,5.8,64
76686,8-Jun-10,75,0,30.03,5.4,66
76711,9-Jun-10,77,0,30.06,12.5,69
76739,10-Jun-10,84,T,29.95,8.8,71
76767,11-Jun-10,82,0,29.99,4.6,74
76804,12-Jun-10,82,0,30.08,6.9,76
76839,13-Jun-10,86,0.22,29.95,10.2,76
76864,14-Jun-10,86,0,29.88,5.7,74
76891,15-Jun-10,88,0,29.94,4.2,74
76929,16-Jun-10,84,0,30,6.3,76
76956,17-Jun-10,86,0,29.93,4.7,73
76984,18-Jun-10,82,0,29.98,4.3,74
77027,19-Jun-10,81,0.51,30.01,4.7,76
77056,20-Jun-10,84,0.03,29.97,6.7,76
77083,21-Jun-10,84,0,30.02,7.2,76
77108,22-Jun-10,84,0,30.09,9.9,76
77133,23-Jun-10,87,0,30.07,9.8,76
77158,24-Jun-10,87,0,29.98,11.7,76
77185,25-Jun-10,86,T,29.98,11.4,77
77214,26-Jun-10,84,0,29.93,9.8,76
77242,27-Jun-10,84,0.3,29.85,7.7,76
77269,28-Jun-10,83,0.19,29.83,12.2,74
77296,29-Jun-10,84,0,29.91,11.2,75
77331,30-Jun-10,80,,30,4.3,74
77375,1-Jul-10,79,0.29,30.07,5.6,71
77400,2-Jul-10,76,0,30.13,8.4,61
77425,3-Jul-10,74,0,30.13,6.4,59
77450,4-Jul-10,74,0,30.09,5.2,63
77475,5-Jul-10,77,0,30.06,5,69
77513,6-Jul-10,78,0,30.05,5.8,71
77538,7-Jul-10,84,0,29.98,5.3,72
77568,8-Jul-10,86,0.15,29.89,5.9,71
77615,9-Jul-10,83,0.82,29.88,5.9,73
77647,10-Jul-10,82,0.15,29.83,6.1,75
77681,11-Jul-10,82,0,29.87,4.8,74
77737,12-Jul-10,81,0.19,29.86,5.7,77
77776,13-Jul-10,82,0,29.9,11,77
77818,14-Jul-10,86,0.01,29.95,12.3,78
77878,15-Jul-10,82,2.19,30,8.7,78
77907,16-Jul-10,85,0,30.04,15.3,78
77937,17-Jul-10,84,0,30.05,13.1,77
77962,18-Jul-10,84,T,30.05,13.1,76
77989,19-Jul-10,84,0,30.02,14.8,76
78014,20-Jul-10,87,0,30.07,14.3,78
78043,21-Jul-10,85,0,30.08,10.7,76
78072,22-Jul-10,84,0.18,30.02,7.8,77
78098,23-Jul-10,85,0,30.04,11.4,78
78125,24-Jul-10,84,0,30.06,11.9,78
78152,25-Jul-10,86,0,30,13,79
78187,26-Jul-10,86,0.05,29.98,5.2,78
78243,27-Jul-10,81,0.46,30.03,4,76
78277,28-Jul-10,82,0.05,30.03,4,77
78323,29-Jul-10,82,2.66,29.92,5.4,77
78357,30-Jul-10,84,0,29.83,4.7,75
78382,31-Jul-10,80,0,29.87,7.9,69
78430,1-Aug-10,80,0.19,29.87,7.1,73
78457,2-Aug-10,82,0,30,4.4,74
78483,3-Aug-10,82,0,30.05,3.9,NA
78508,4-Aug-10,82,0,29.98,8.5,76
78533,5-Aug-10,86,0,29.89,11.8,77
78573,6-Aug-10,82,1.6,29.84,7.7,76
78629,7-Aug-10,80,0.62,29.84,2.3,75
78670,8-Aug-10,82,0,29.91,6,76
78702,9-Aug-10,82,0,29.96,6.7,77
78733,10-Aug-10,84,0,29.97,9.4,78
78758,11-Aug-10,84,0,29.91,11,77
78783,12-Aug-10,88,0,29.81,9.5,78
78824,13-Aug-10,86,1.4,29.79,5.1,79
78868,14-Aug-10,83,T,29.93,8.8,77
78901,15-Aug-10,83,0,29.95,7.5,73
78934,16-Aug-10,81,0,29.96,5.1,74
78962,17-Aug-10,82,0,30,5.8,75
79003,18-Aug-10,84,T,29.99,9.6,79
79040,19-Aug-10,84,0.7,29.91,4.1,77
79102,20-Aug-10,82,0.99,29.88,3,78
79131,21-Aug-10,81,0,29.91,6.3,77
79171,22-Aug-10,82,0.1,29.85,4.4,78
79208,23-Aug-10,80,T,29.8,6.2,77
79244,24-Aug-10,78,0,29.77,5.9,73
79274,25-Aug-10,76,0,29.89,5.5,71
79299,26-Aug-10,80,T,29.96,3.8,73
79324,27-Aug-10,80,0,30.01,6.2,74
79349,28-Aug-10,80,0,30.09,7.5,72
79374,29-Aug-10,78,0,30.17,7.4,67
79402,30-Aug-10,76,0,30.2,3.6,68
79427,31-Aug-10,79,0,30.12,3.2,69
79456,1-Sep-10,78,0,30.03,6,69
79481,2-Sep-10,76,0,29.88,8.7,68
79506,3-Sep-10,82,0,29.78,8.1,65
79531,4-Sep-10,78,0,29.82,5.9,69
79557,5-Sep-10,76,0,29.93,5.6,67
79584,6-Sep-10,80,0,30.07,8.2,72
79611,7-Sep-10,79,0,30.15,5.3,73
79642,8-Sep-10,81,0,30.01,9,74
79667,9-Sep-10,82,0,29.88,5.2,68
79692,10-Sep-10,80,T,29.86,4,66
79722,11-Sep-10,82,0.01,29.92,8.1,71
79769,12-Sep-10,81,0.69,29.89,3.5,73
79794,13-Sep-10,74,0,29.98,5.4,62
79819,14-Sep-10,77,0,30.01,6.6,61
79844,15-Sep-10,78,0,30.05,4,66
79876,16-Sep-10,76,0,30.04,NA,68
79901,17-Sep-10,78,0,29.98,7.8,69
79933,18-Sep-10,79,T,30.03,5.6,71
79958,19-Sep-10,78,0,30.03,4.6,65
79983,20-Sep-10,76,0,29.94,4.8,66
80011,21-Sep-10,80,0,30.09,8,69
80037,22-Sep-10,78,0,30.14,6.6,68
80064,23-Sep-10,78,0,30.15,6.5,69
80101,24-Sep-10,76,0,30.14,5.9,69
80127,25-Sep-10,80,0,29.97,9.3,72
80170,26-Sep-10,80,0.6,29.86,7.4,73
80247,27-Sep-10,76,2.72,29.78,7.3,72
80282,28-Sep-10,74,0.86,29.71,5,68
80342,29-Sep-10,73,2.04,29.71,9.9,70
80390,30-Sep-10,74,2.05,29.47,8.6,71
80421,1-Oct-10,72,0,29.68,5.9,63
80446,2-Oct-10,68,0,29.84,8.1,58
80473,3-Oct-10,64,0,29.84,8.1,57
80503,4-Oct-10,64,0,30.01,5.9,54
80528,5-Oct-10,62,0,30.1,5.3,50
80553,6-Oct-10,60,0,30.03,4.3,45
80578,7-Oct-10,66,0,29.95,4.5,49
80607,8-Oct-10,68,0,29.99,5.6,54
80662,9-Oct-10,68,0,29.98,3.3,59
80715,10-Oct-10,68,0,29.95,4.8,62
80740,11-Oct-10,72,0,29.92,7.3,67
80765,12-Oct-10,77,0,29.87,8,64
80790,13-Oct-10,74,T,29.89,4.4,63
80839,14-Oct-10,70,0.22,29.81,3.8,61
80864,15-Oct-10,60,0,29.85,5.1,46
80889,16-Oct-10,60,0,30.03,3.6,43
80914,17-Oct-10,61,0,30.06,5.8,48
80939,18-Oct-10,68,0,29.97,8.9,55
80964,19-Oct-10,70,0,29.88,6.7,59
80993,20-Oct-10,67,T,29.83,3.8,58
81032,21-Oct-10,61,0,29.83,3.8,56
81057,22-Oct-10,63,0,30.02,4.6,46
81082,23-Oct-10,60,0,30.24,3.2,47
81107,24-Oct-10,67,0,30.18,4.2,60
81150,25-Oct-10,73,0.71,29.99,5,67
81194,26-Oct-10,78,0.12,29.93,13.7,72
81235,27-Oct-10,78,0,30.01,14.1,74
81276,28-Oct-10,76,0.47,29.98,6,73
81301,29-Oct-10,58,0,30.03,6.8,46
81326,30-Oct-10,54,0,30.15,4.8,47
81351,31-Oct-10,68,0,29.98,6.4,56
81380,1-Nov-10,62,0,30.12,7.6,54
81405,2-Nov-10,54,0,30.23,12.2,45
81445,3-Nov-10,57,T,30,7.9,52
81509,4-Nov-10,61,0.53,29.58,3.3,57
81534,5-Nov-10,53,0.01,29.69,3.5,43
81559,6-Nov-10,48,0,30.06,6.2,39
81585,7-Nov-10,44,0,30.27,6,32
81610,8-Nov-10,50,0,30.01,3.4,36
81635,9-Nov-10,59,0,29.91,4,42
81660,10-Nov-10,58,0,30.01,4.4,46
81685,11-Nov-10,56,0,30.21,5.6,43
81710,12-Nov-10,52,0,30.27,5.1,38
81735,13-Nov-10,52,0,30.14,2.7,35
81766,14-Nov-10,50,0,30.04,1.7,39
81804,15-Nov-10,53,0,29.97,3,50
81829,16-Nov-10,70,T,29.81,11.9,62
81854,17-Nov-10,56,0,29.91,6.7,48
81881,18-Nov-10,52,0,30.12,3.2,39
81906,19-Nov-10,50,0,30.25,4.1,40
81931,20-Nov-10,54,0,30.28,4.2,47
81975,21-Nov-10,56,0,30.31,1.5,53
82026,22-Nov-10,59,0,30.29,2.3,56
82058,23-Nov-10,64,0,30.11,4.7,60
82085,24-Nov-10,62,0.03,30.11,8.4,49
82113,25-Nov-10,60,0.01,30.05,6.8,58
82144,26-Nov-10,68,0.12,29.83,9.4,61
82171,27-Nov-10,48,T,29.93,5,35
82196,28-Nov-10,44,0,30.24,6.8,33
82221,29-Nov-10,52,0,30.3,9.1,46
82259,30-Nov-10,65,0.39,30.11,9.1,62
82296,1-Dec-10,54,T,29.9,10.4,43
82321,2-Dec-10,40,0,30.15,2.2,28
82346,3-Dec-10,40,0,30.08,3.2,30
82371,4-Dec-10,44,0.02,29.95,5.8,34
82402,5-Dec-10,41,0,29.88,7.8,29
82427,6-Dec-10,35,0,29.96,5.1,17
82452,7-Dec-10,30,0,29.94,4.5,12
82477,8-Dec-10,30,0,30.11,2.9,12
82502,9-Dec-10,36,0,30.25,5.9,16
82527,10-Dec-10,42,0,30.24,6,25
82576,11-Dec-10,43,0.81,30.06,7.2,42
82625,12-Dec-10,44,0.27,29.59,12.6,45
82650,13-Dec-10,32,0,29.55,12.2,14
82675,14-Dec-10,29,0,29.92,7.7,6
82700,15-Dec-10,30,0,30.03,4.3,9
82727,16-Dec-10,46,0.01,29.89,12.1,36
82757,17-Dec-10,52,T,29.92,6.2,44
82798,18-Dec-10,40,0.56,29.96,10.8,37
82828,19-Dec-10,38,T,29.9,7.7,34
82853,20-Dec-10,35,0,30.07,4.4,22
82880,21-Dec-10,36,T,30.07,1.9,30
82917,22-Dec-10,47,0,29.89,1.7,45
82942,23-Dec-10,40,0,30.07,6.6,23
82967,24-Dec-10,37,0,30.14,3.3,23
82994,25-Dec-10,36,0.06,29.98,1.1,32
83042,26-Dec-10,36,0.61,29.66,9.2,31
83067,27-Dec-10,34,0,29.88,8.3,20
83092,28-Dec-10,38,0,30.14,5.3,22
83117,29-Dec-10,38,0,30.09,2.2,25
83142,30-Dec-10,38,0,30.18,2.3,27
83167,31-Dec-10,44,0,30.23,NA,NA
83206,1-Jan-11,54,0.08,30.15,5.3,NA
83256,2-Jan-11,58,0.03,NA,5.9,NA
83283,3-Jan-11,39,0,30.2,5,NA
83309,4-Jan-11,39,0,30.09,2.2,NA
83342,5-Jan-11,42,0.09,29.92,4.6,NA
83383,6-Jan-11,40,0.01,29.66,2.1,NA
83411,7-Jan-11,42,T,29.51,8.2,NA
83436,8-Jan-11,41,0.01,29.54,8.2,NA
83461,9-Jan-11,31,0,30.13,5.6,NA
83503,10-Jan-11,32,0.33,30.23,12.3,NA
83539,11-Jan-11,33,T,30.09,8.1,NA
83566,12-Jan-11,35,0,30.11,9,NA
83591,13-Jan-11,32,0,30.32,5.4,NA
83616,14-Jan-11,32,0,30.37,2.9,NA
83641,15-Jan-11,34,0,30.23,2.7,NA
83666,16-Jan-11,40,0,30.08,3,NA
83704,17-Jan-11,38,0.1,30,5.6,NA
83755,18-Jan-11,44,0.01,29.82,5.6,NA
83816,19-Jan-11,46,0.19,29.85,2.5,NA
83860,20-Jan-11,44,0,29.98,4.9,NA
83886,21-Jan-11,38,T,29.78,6.4,NA
83911,22-Jan-11,32,0,29.85,8.1,NA
83936,23-Jan-11,30,0,30.08,2.4,NA
83961,24-Jan-11,40,0,30.26,6.3,NA
84002,25-Jan-11,46,0.72,30.08,7,NA
84043,26-Jan-11,50,0.05,29.68,8,NA
84068,27-Jan-11,40,0,29.94,3.4,NA
84093,28-Jan-11,46,0,29.86,4.9,NA
84118,29-Jan-11,40,0,30.01,5.2,NA
84143,30-Jan-11,50,0,30.04,3.5,NA
84175,31-Jan-11,45,0.01,30.16,NA,NA
84212,1-Feb-11,50,0,30.14,7.5,NA
84247,2-Feb-11,56,0.48,29.95,12.6,NA
84272,3-Feb-11,48,T,30.26,7.4,NA
84314,4-Feb-11,41,2.04,30.2,8.7,NA
84356,5-Feb-11,50,0.46,29.83,8.4,NA
84381,6-Feb-11,45,0,29.94,4.2,NA
84413,7-Feb-11,46,0.62,29.91,2.3,NA
84447,8-Feb-11,44,T,29.94,7.6,NA
84475,9-Feb-11,42,T,30.17,7.7,NA
84510,10-Feb-11,37,0.11,30.02,8,NA
84535,11-Feb-11,35,0.03,30.1,5.6,NA
84560,12-Feb-11,42,0,30.15,5.7,NA
84585,13-Feb-11,38,0,30.21,5.1,NA
84611,14-Feb-11,54,0,30,10.4,NA
84636,15-Feb-11,52,0,30.23,8.7,NA
84661,16-Feb-11,48,0,30.34,5.3,NA
84709,17-Feb-11,54,0,30.24,6.7,NA
84749,18-Feb-11,58,0,30.1,9.1,NA
84774,19-Feb-11,58,0,30.09,6,NA
84799,20-Feb-11,50,0,30.2,7,NA
84824,21-Feb-11,60,0,29.88,15.7,NA
84856,22-Feb-11,58,0,29.86,11.6,NA
84881,23-Feb-11,46,0,30.2,8.4,NA
84914,24-Feb-11,51,0.09,30.16,6.6,NA
84979,25-Feb-11,62,0.26,29.86,13,NA
85012,26-Feb-11,53,0,30.06,6.9,NA
85047,27-Feb-11,55,0,30.03,8,NA
85089,28-Feb-11,61,0.19,29.94,NA,NA
85124,1-Mar-11,52,0.25,30.05,11.1,NA
85157,2-Mar-11,46,0,30.23,4.2,NA
85189,3-Mar-11,48,0,30.36,12,NA
85217,4-Mar-11,48,0,30.45,10.4,NA
85242,5-Mar-11,56,0.02,30.25,7.2,NA
85279,6-Mar-11,56,0.35,29.86,12.7,NA
85304,7-Mar-11,48,0,30.03,5.1,NA
85332,8-Mar-11,48,0,30.29,8.7,NA
85357,9-Mar-11,56,T,30.22,11.4,NA
85404,10-Mar-11,54,0.17,29.89,11.1,NA
85429,11-Mar-11,48,0,29.96,6.4,NA
85456,12-Mar-11,45,0,30.12,7.7,NA
85481,13-Mar-11,58,0,30.1,7.5,NA
85507,14-Mar-11,54,0,30.16,8,NA
85536,15-Mar-11,54,0,30.21,8.2,NA
85561,16-Mar-11,61,0,30.11,7.6,NA
85586,17-Mar-11,54,0,30.23,5.8,NA
85611,18-Mar-11,60,0,30.13,9.1,NA
85636,19-Mar-11,68,0,30.12,9.5,NA
85661,20-Mar-11,59,0,30.4,10.9,NA
85686,21-Mar-11,60,0,30.26,12.3,NA
85711,22-Mar-11,72,0,29.95,8,NA
85737,23-Mar-11,72,0,29.72,13.6,NA
85768,24-Mar-11,65,0.07,29.63,8.6,NA
85795,25-Mar-11,52,0,29.93,6.1,NA
85829,26-Mar-11,54,0.18,29.88,5.7,NA
85890,27-Mar-11,49,0.75,29.84,8.2,NA
85923,28-Mar-11,42,0.31,30,8.6,NA
85952,29-Mar-11,46,0,30.12,5.2,NA
85995,30-Mar-11,56,1.2,29.87,7.1,NA
86043,31-Mar-11,52,0.1,29.66,NA,NA
86079,1-Apr-11,52,0,29.64,5.9,NA
86104,2-Apr-11,57,0,29.81,7.1,NA
86129,3-Apr-11,50,0,30.08,6.8,NA
86159,4-Apr-11,65,0,29.93,15.8,NA
86198,5-Apr-11,56,0.12,29.7,12.8,NA
86223,6-Apr-11,50,0,30.12,8.9,NA
86248,7-Apr-11,61,0,30.07,9.6,NA
86280,8-Apr-11,64,0,29.99,8.3,NA
86332,9-Apr-11,64,0.63,30.02,8.8,NA
86371,10-Apr-11,63,0.01,30.06,4.9,NA
86422,11-Apr-11,66,0,29.96,10.4,NA
86448,12-Apr-11,66,T,29.79,14.8,NA
86473,13-Apr-11,60,0,29.88,3.7,NA
86500,14-Apr-11,58,0,30.05,5.5,NA
86535,15-Apr-11,62,0,30.09,10.3,NA
86569,16-Apr-11,68,T,29.83,13.6,NA
86594,17-Apr-11,61,0,29.93,6.7,NA
86623,18-Apr-11,57,0,30.06,4.6,NA
86664,19-Apr-11,64,0,30.07,8.8,NA
86697,20-Apr-11,73,0,30.03,11.5,NA
86741,21-Apr-11,72,0,30.07,7.7,NA
86774,22-Apr-11,64,T,30.18,8.1,NA
86808,23-Apr-11,73,0,30.14,8.8,NA
86838,24-Apr-11,72,0,30.14,8,NA
86879,25-Apr-11,70,0,30.08,6.1,NA
86924,26-Apr-11,73,T,29.98,7.2,NA
86972,27-Apr-11,75,0.5,29.93,11.8,NA
87019,28-Apr-11,74,T,29.87,15.4,NA
87044,29-Apr-11,68,0,29.91,8,NA
87069,30-Apr-11,66,0,30.05,NA,NA
87115,1-May-11,66,0,30.18,7,NA
87140,2-May-11,68,0,30.2,7.2,NA
87165,3-May-11,72,0,30.12,11.5,NA
87202,4-May-11,63,T,30.03,9.6,NA
87227,5-May-11,58,0,30.18,7.6,NA
87266,6-May-11,62,0.87,30.01,6.2,NA
87302,7-May-11,62,0,29.94,6.2,NA
87327,8-May-11,74,T,29.86,7.1,NA
87354,9-May-11,66,0,29.91,6.1,NA
87389,10-May-11,68,0.81,29.91,4.8,NA
87430,11-May-11,70,1.92,29.93,8.3,NA
87460,12-May-11,69,0,30,7.3,NA
87494,13-May-11,73,0,29.84,8.8,NA
87524,14-May-11,72,0.01,29.69,9.5,NA
87551,15-May-11,72,T,29.58,11.6,NA
87576,16-May-11,66,T,29.59,11.5,NA
87604,17-May-11,64,0.18,29.6,11,NA
87642,18-May-11,64,T,29.76,6.8,NA
87667,19-May-11,66,0,29.99,6.9,NA
87710,20-May-11,70,1.48,30.01,2.7,NA
87748,21-May-11,74,0,29.96,4.8,NA
87799,22-May-11,72,0,30.01,5.2,NA
87844,23-May-11,78,0,29.99,12.2,NA
87875,24-May-11,80,0,29.93,12.1,NA
87902,25-May-11,79,0,29.92,10.7,NA
87927,26-May-11,77,0,29.93,13.2,NA
87963,27-May-11,77,0,29.94,8.8,NA
87988,28-May-11,78,0,29.96,7.6,NA
88021,29-May-11,75,0,30.08,6.4,NA
88046,30-May-11,78,0,30.14,7.9,NA
88071,31-May-11,84,0,30.11,NA,NA
88097,1-Jun-11,78,0,30.09,6.6,NA
88131,2-Jun-11,80,0,30.02,8.4,NA
88156,3-Jun-11,79,0,30.01,6.4,NA
88181,4-Jun-11,74,0,30.08,7.4,NA
88207,5-Jun-11,82,0,29.93,7.3,NA
88239,6-Jun-11,78,0,29.93,6.3,NA
88266,7-Jun-11,78,T,29.99,9.8,NA
88293,8-Jun-11,80,0,30.01,13.8,NA
88318,9-Jun-11,79,0,29.99,11.7,NA
88343,10-Jun-11,76,0,29.96,9.6,NA
88370,11-Jun-11,76,0,29.93,7.9,NA
88395,12-Jun-11,77,T,29.88,8.8,NA
88420,13-Jun-11,80,T,29.84,4.9,NA
88456,14-Jun-11,78,0,29.83,6,NA
88485,15-Jun-11,76,0,29.87,5.9,NA
88513,16-Jun-11,80,0,29.89,11.4,NA
88542,17-Jun-11,84,0,29.92,11.7,NA
88571,18-Jun-11,80,T,29.92,12.3,NA
88603,19-Jun-11,86,0.52,29.86,8.5,NA
88628,20-Jun-11,86,0,29.82,6.1,NA
88667,21-Jun-11,80,0,29.9,6.9,NA
88699,22-Jun-11,80,0,29.94,11,NA
88732,23-Jun-11,82,0.33,29.88,9.8,NA
88757,24-Jun-11,82,T,29.82,13.9,NA
88787,25-Jun-11,82,0,29.86,9.1,NA
88815,26-Jun-11,82,0,29.92,9.3,NA
88847,27-Jun-11,84,0,29.96,12.5,NA
88874,28-Jun-11,82,0,29.96,13.6,NA
88909,29-Jun-11,84,0,29.92,9.8,NA
88947,30-Jun-11,81,0,29.93,NA,NA
89001,1-Jul-11,78,0,NA,6,NA
89037,2-Jul-11,78,0,30.02,8.3,NA
89062,3-Jul-11,80,0,29.98,12.2,NA
89087,4-Jul-11,82,0,29.96,13.8,NA
89116,5-Jul-11,82,0,29.94,11,NA
89143,6-Jul-11,84,0,29.97,11.7,NA
89172,7-Jul-11,82,0,29.94,5.9,NA
89219,8-Jul-11,80,0.35,29.85,12.2,NA
89258,9-Jul-11,80,0.1,29.87,7.2,NA
89296,10-Jul-11,78,T,29.98,4.6,NA
89331,11-Jul-11,81,0,29.99,6.5,NA
89361,12-Jul-11,84,0,29.89,11.2,NA
89387,13-Jul-11,86,0.01,29.8,7.3,NA
89412,14-Jul-11,81,T,29.85,8.9,NA
89437,15-Jul-11,78,T,29.97,11.2,NA
89462,16-Jul-11,78,0,30.07,10.2,NA
89487,17-Jul-11,76,0,30.13,8.9,NA
89512,18-Jul-11,76,0,30.05,5.6,NA
89552,19-Jul-11,80,0,29.9,8.7,NA
89577,20-Jul-11,85,0,29.83,9.1,NA
89602,21-Jul-11,86,0,29.86,11.4,NA
89627,22-Jul-11,86,0,29.95,13.5,NA
89655,23-Jul-11,87,T,30.02,12.9,NA
89686,24-Jul-11,85,0.61,30,7.9,NA
89727,25-Jul-11,80,0.65,29.88,10.5,NA
89779,26-Jul-11,78,0.98,29.81,5.9,NA
89829,27-Jul-11,82,0.18,29.9,8,NA
89854,28-Jul-11,82,0,30.03,9.5,NA
89879,29-Jul-11,86,0,NA,8.3,NA
89908,30-Jul-11,84,0,29.93,5.3,NA
89944,31-Jul-11,82,0.09,29.96,NA,NA
89985,1-Aug-11,80,0.01,29.93,4.8,NA
90012,2-Aug-11,86,0,29.83,4.3,NA
90037,3-Aug-11,83,0,29.78,11.1,NA
90065,4-Aug-11,86,0.04,29.77,10.8,NA
90115,5-Aug-11,82,0.3,29.91,4.6,NA
90146,6-Aug-11,84,0.04,29.94,6.9,NA
90175,7-Aug-11,86,0,29.81,6.9,NA
90200,8-Aug-11,88,0,29.7,6.9,NA
90225,9-Aug-11,84,0,29.66,8,NA
90250,10-Aug-11,84,0,29.71,5.6,NA
90299,11-Aug-11,83,T,29.79,4.5,NA
90330,12-Aug-11,82,T,29.9,5.5,NA
90368,13-Aug-11,82,0.03,29.96,7.3,NA
90399,14-Aug-11,78,0.03,29.8,7.1,NA
90424,15-Aug-11,78,0,29.74,3.8,NA
90449,16-Aug-11,78,0,29.9,4.8,NA
90476,17-Aug-11,78,T,30.04,5.4,NA
90503,18-Aug-11,80,0.3,29.99,4.5,NA
90546,19-Aug-11,80,0,29.88,6.5,NA
90571,20-Aug-11,80,0,29.95,6,NA
90606,21-Aug-11,82,0,29.97,9.5,NA
90643,22-Aug-11,78,1.74,29.88,5.8,NA
90676,23-Aug-11,80,0,29.92,8.3,NA
90703,24-Aug-11,80,0,29.97,7.8,NA
90730,25-Aug-11,82,0,29.94,6.2,NA
90785,26-Aug-11,78,1.71,29.7,17,NA
90820,27-Aug-11,81,0.34,29.34,13.3,NA
90850,28-Aug-11,79,0,29.61,4.9,NA
90921,29-Aug-11,78,T,29.78,4.6,NA
90958,30-Aug-11,78,0.02,29.95,8.2,NA
90983,31-Aug-11,76,0,30.09,NA,NA
91008,1-Sep-11,76,0,30.08,4.6,NA
91033,2-Sep-11,75,0,30,4.1,NA
91058,3-Sep-11,76,0,29.95,5.1,NA
91086,4-Sep-11,74,0,29.91,5.5,NA
91130,5-Sep-11,82,0.01,29.81,13,NA
91187,6-Sep-11,82,0.62,29.77,15.2,NA
91217,7-Sep-11,76,0.01,29.86,4.6,NA
91242,8-Sep-11,76,0,29.84,6.1,NA
91267,9-Sep-11,76,0,29.85,6.7,NA
91292,10-Sep-11,76,0,29.92,6.3,NA
91317,11-Sep-11,74,0,30.01,4.8,NA
91345,12-Sep-11,78,T,30,4.6,NA
91372,13-Sep-11,76,0,29.97,3.5,NA
91407,14-Sep-11,76,0,29.94,3.9,NA
91440,15-Sep-11,76,0,29.89,7.3,NA
91477,16-Sep-11,70,0.3,30.11,13,NA
91509,17-Sep-11,66,0,30.15,8.7,NA
91546,18-Sep-11,68,0,30.19,9.2,NA
91577,19-Sep-11,71,0,30.12,6.8,NA
91616,20-Sep-11,74,0.06,30.05,5.6,NA
91658,21-Sep-11,76,0.27,30.06,3.8,NA
91707,22-Sep-11,80,1.17,30.06,3.1,NA
91751,23-Sep-11,78,0.08,29.94,4.7,NA
91791,24-Sep-11,78,0.07,29.92,4.7,NA
91829,25-Sep-11,77,T,29.95,6.9,NA
91868,26-Sep-11,77,T,29.92,4.2,NA
91908,27-Sep-11,78,0.69,29.89,8.8,NA
91953,28-Sep-11,79,0.08,29.83,6.3,NA
91985,29-Sep-11,76,0,29.78,4.2,NA
92015,30-Sep-11,74,0.36,29.71,NA,NA
92040,1-Oct-11,60,0,29.82,6.6,NA
92065,2-Oct-11,56,0,29.96,3.6,NA
92090,3-Oct-11,58,0,30.05,2.7,NA
92115,4-Oct-11,60,0,30.14,4.9,NA
92140,5-Oct-11,64,0,30.16,2.7,NA
92165,6-Oct-11,66,0,30.2,6.6,NA
92190,7-Oct-11,68,0,30.29,8.9,NA
92215,8-Oct-11,68,0,30.33,10.2,NA
92240,9-Oct-11,72,T,30.22,15.8,NA
92275,10-Oct-11,70,0.16,30.04,13.7,NA
92328,11-Oct-11,70,0.79,29.86,11.2,NA
92380,12-Oct-11,74,T,29.77,6.2,NA
92421,13-Oct-11,74,0,29.68,9.9,NA
92451,14-Oct-11,69,0.06,29.69,8.1,NA
92476,15-Oct-11,70,0,29.91,5.9,NA
92501,16-Oct-11,62,0,30.04,5.6,NA
92527,17-Oct-11,68,0,29.93,7.9,NA
92591,18-Oct-11,68,0.67,29.79,4.7,NA
92647,19-Oct-11,67,0.5,29.42,11.5,NA
92672,20-Oct-11,57,0,29.78,9.8,NA
92697,21-Oct-11,57,0,30.01,3.2,NA
92722,22-Oct-11,57,0,30.04,2.4,NA
92747,23-Oct-11,61,0,30.04,4.5,NA
92772,24-Oct-11,62,0,30.02,4.5,NA
92806,25-Oct-11,61,0,30.14,4.4,NA
92854,26-Oct-11,59,0,30.05,6.2,NA
92879,27-Oct-11,70,0,29.87,7.4,NA
92913,28-Oct-11,59,0,29.95,9,NA
92950,29-Oct-11,51,0,29.89,7.7,NA
92975,30-Oct-11,47,0,30.21,5.2,NA
93006,31-Oct-11,56,0.01,30.17,NA,NA
93032,1-Nov-11,54,0,30.19,7.6,NA
93057,2-Nov-11,52,0,30.3,4.2,NA
93094,3-Nov-11,54,0,30.1,4.7,NA
93149,4-Nov-11,61,1.13,29.72,10.7,NA
93174,5-Nov-11,52,0,30.12,12.9,NA
93199,6-Nov-11,59,0,30.3,10.6,NA
93224,7-Nov-11,62,0,30.27,6.5,NA
93255,8-Nov-11,60,0,30.17,3.9,NA
93280,9-Nov-11,62,0,30.03,4.6,NA
93326,10-Nov-11,62,0.01,29.82,4.6,NA
93351,11-Nov-11,44,0,30.04,5,NA
93376,12-Nov-11,46,0,30.26,3.1,NA
93401,13-Nov-11,56,0,30.21,3.2,NA
93430,14-Nov-11,64,0,30.11,7.1,NA
93481,15-Nov-11,66,0.02,30.01,6.4,NA
93557,16-Nov-11,70,0.41,29.89,12.2,NA
93605,17-Nov-11,60,0.02,29.9,10,NA
93630,18-Nov-11,44,0,30.38,5.1,NA
93655,19-Nov-11,54,0,30.35,7.6,NA
93705,20-Nov-11,62,0,30.28,2.9,NA
93730,21-Nov-11,68,0,30.19,4.1,NA
93784,22-Nov-11,65,0,30.11,5.1,NA
93824,23-Nov-11,64,0.35,29.87,12.7,NA
93850,24-Nov-11,50,0,30.22,5.4,NA
93886,25-Nov-11,48,0,30.3,1.6,NA
93933,26-Nov-11,53,0,30.28,2.3,NA
93958,27-Nov-11,66,0,30.16,6.4,NA
94011,28-Nov-11,63,0.36,29.94,8.4,NA
94054,29-Nov-11,51,0.57,29.84,7.9,NA
94080,30-Nov-11,46,0,29.94,NA,NA
94105,1-Dec-11,45,0,30.2,4.9,NA
94140,2-Dec-11,45,0,30.35,1.2,NA
94171,3-Dec-11,49,0,30.45,5.9,NA
94196,4-Dec-11,58,0,30.38,5.8,NA
94239,5-Dec-11,60,0.09,30.22,5.2,NA
94274,6-Dec-11,64,T,30.09,4.5,NA
94306,7-Dec-11,60,0.04,29.84,14.3,NA
94331,8-Dec-11,46,0,30.15,5.4,NA
94356,9-Dec-11,53,T,30.2,5,NA
94381,10-Dec-11,48,T,30.23,5.8,NA
94406,11-Dec-11,46,0,30.43,10.9,NA
94431,12-Dec-11,45,0,30.39,8.2,NA
94457,13-Dec-11,52,0,30.35,4.5,NA
94482,14-Dec-11,50,0,30.33,2.5,NA
94511,15-Dec-11,55,0,30.22,4.9,NA
94536,16-Dec-11,65,0,30.11,7.5,NA
94568,17-Dec-11,50,0,30.09,5.7,NA
94593,18-Dec-11,43,0,30.25,3.6,NA
94618,19-Dec-11,45,0,30.29,2.5,NA
94655,20-Dec-11,56,0,30.18,2.3,NA
94703,21-Dec-11,58,0.1,30.09,6,NA
94728,22-Dec-11,66,T,30.05,8.1,NA
94759,23-Dec-11,64,0,30.03,8.5,NA
94784,24-Dec-11,50,0,30.3,7.2,NA
94811,25-Dec-11,48,0.08,30.29,4.3,NA
94839,26-Dec-11,48,0,30.23,5.5,NA
94873,27-Dec-11,56,0.17,29.87,13.3,NA
94898,28-Dec-11,46,0,29.91,6.1,NA
94938,29-Dec-11,44,0,30.05,5.1,NA
94963,30-Dec-11,50,0,30.07,7.3,NA
94988,31-Dec-11,55,0,29.99,7.2,45
95013,1-Jan-12,50,0,30.08,8.4,47
95038,2-Jan-12,49,0,29.95,6.7,26
95063,3-Jan-12,34,0,30.11,8.9,9
95088,4-Jan-12,32,0,30.28,5.9,17
95113,5-Jan-12,48,0,30.07,4.9,26
95138,6-Jan-12,48,0,30.06,6.9,39
95163,7-Jan-12,57,0,30,8.8,46
95195,8-Jan-12,56,0.02,30.13,4.5,50
95230,9-Jan-12,54,T,30.12,2.3,51
95270,10-Jan-12,52,0,30.02,2.1,51
95310,11-Jan-12,59,0.54,29.78,8.1,56
95337,12-Jan-12,56,0,29.66,14.6,47
95362,13-Jan-12,50,0,29.87,10.6,22
95387,14-Jan-12,39,0,30.14,4.2,23
95412,15-Jan-12,42,0,30.29,8.1,24
95437,16-Jan-12,42,0,30.5,4.6,34
95462,17-Jan-12,56,0.01,30.2,8.1,50
95496,18-Jan-12,48,0.13,29.95,8.7,46
95521,19-Jan-12,42,0,30.08,6,34
95546,20-Jan-12,50,0.01,30.11,5.5,44
95571,21-Jan-12,60,0.03,29.99,12.2,55
95604,22-Jan-12,50,0.01,30.18,9.3,42
95658,23-Jan-12,51,0,30.12,5.2,50
95711,24-Jan-12,60,0,30.07,6.6,57
95758,25-Jan-12,51,0,30.2,4.3,44
95804,26-Jan-12,56,0.1,30.05,6.7,56
95841,27-Jan-12,60,0.38,29.77,11.5,53
95866,28-Jan-12,50,0,30.04,3.4,44
95891,29-Jan-12,46,0,30.24,4.6,30
95916,30-Jan-12,49,0,30.34,4.6,30
95957,31-Jan-12,48,0,30.35,5.3,40
95982,1-Feb-12,60,0,30.21,9.1,51
96012,2-Feb-12,61,0.05,30.06,7.6,52
96037,3-Feb-12,52,0,30.35,9.2,38
96062,4-Feb-12,56,0,30.22,7.7,50
96097,5-Feb-12,60,T,29.99,10.5,54
96130,6-Feb-12,48,0.01,30.16,6.5,40
96161,7-Feb-12,49,0,30.1,4.1,39
96186,8-Feb-12,50,T,30.08,4.1,35
96211,9-Feb-12,44,0,30.19,4,33
96239,10-Feb-12,45,0.11,30.09,4.2,42
96265,11-Feb-12,43,T,29.77,9.1,32
96290,12-Feb-12,34,0,30.14,8.9,8
96315,13-Feb-12,36,0,30.21,6,22
96340,14-Feb-12,48,0,30.09,2.8,38
96368,15-Feb-12,54,0,30.15,4.6,46
96420,16-Feb-12,53,0.01,30.1,5.8,54
96449,17-Feb-12,56,0,30.01,4.7,49
96485,18-Feb-12,52,0.33,30,4.1,46
96539,19-Feb-12,50,1.31,29.74,9.8,51
96568,20-Feb-12,46,T,30.07,8.2,32
96593,21-Feb-12,48,0,30.19,6.9,42
96618,22-Feb-12,59,0,29.9,11.9,52
96655,23-Feb-12,62,0,29.67,14.8,58
96704,24-Feb-12,64,0.15,29.69,16.5,59
96729,25-Feb-12,48,0,30.04,7.8,26
96754,26-Feb-12,42,0,30.41,5.2,27
96787,27-Feb-12,54,0.03,30.34,4.3,52
96823,28-Feb-12,58,0,30.31,7.6,48
96850,29-Feb-12,59,0,30.11,9.7,55
96880,1-Mar-12,68,T,29.86,11.7,60
96945,2-Mar-12,64,0.02,29.86,9.3,60
96987,3-Mar-12,62,1.38,29.74,9.7,59
97040,4-Mar-12,49,1.23,29.73,6.6,39
97067,5-Mar-12,52,0,30.11,14.2,27
97092,6-Mar-12,43,0,30.56,9.1,29
97117,7-Mar-12,55,0,30.54,7.6,48
97142,8-Mar-12,62,T,30.33,6.2,56
97175,9-Mar-12,60,T,30.12,7.4,54
97200,10-Mar-12,52,0,30.35,8.6,41
97225,11-Mar-12,52,0,30.46,7.5,42
97252,12-Mar-12,56,0,30.35,4.9,49
97277,13-Mar-12,65,T,30.21,7,57
97302,14-Mar-12,68,0,30.18,6.9,59
97336,15-Mar-12,66,0,30.22,6.2,60
97373,16-Mar-12,65,0,30.18,8.1,62
97402,17-Mar-12,70,T,30.15,5.7,60
97449,18-Mar-12,66,0.11,30.2,3.4,62
97507,19-Mar-12,66,0.04,30.15,1.8,60
97543,20-Mar-12,66,0,30.15,3.6,61
97595,21-Mar-12,66,T,30.21,5,62
97624,22-Mar-12,69,0,30.19,5.8,65
97671,23-Mar-12,68,0,30.07,6,64
97706,24-Mar-12,70,0.15,29.88,9.5,65
97739,25-Mar-12,66,0.18,29.69,6.1,55
97770,26-Mar-12,69,0,29.82,7,54
97795,27-Mar-12,58,0,30.19,9.6,38
97820,28-Mar-12,66,0,30.1,12,56
97845,29-Mar-12,76,0,29.86,8,58
97870,30-Mar-12,67,0,29.9,8.9,61
97900,31-Mar-12,72,0.21,29.79,6.9,63
97929,1-Apr-12,64,0,29.78,7.2,58
97954,2-Apr-12,75,0,29.74,9.5,60
97982,3-Apr-12,64,0,29.94,6,53
98013,4-Apr-12,70,0.04,29.76,8.2,64
98049,5-Apr-12,66,0.45,29.67,7.9,58
98087,6-Apr-12,53,0.53,29.82,7.9,44
98119,7-Apr-12,52,0,30.13,3.5,38
98144,8-Apr-12,64,0,30.06,9.9,51
98169,9-Apr-12,66,0,29.96,9.4,47
98194,10-Apr-12,64,0,29.89,10.4,48
98219,11-Apr-12,60,0.01,29.9,9,32
98244,12-Apr-12,51,0,30.13,4.6,34
98269,13-Apr-12,53,0,30.19,4.4,41
98294,14-Apr-12,58,0,30.26,6.6,50
98319,15-Apr-12,70,0,30.21,12.1,61
98349,16-Apr-12,70,0,30.17,10.4,61
98374,17-Apr-12,72,0,30.1,10.1,62
98406,18-Apr-12,66,0.01,30.04,3.6,63
98453,19-Apr-12,68,T,29.98,5.5,61
98501,20-Apr-12,68,0,29.9,4.7,61
98548,21-Apr-12,68,0.27,29.77,5.3,65
98605,22-Apr-12,64,0.48,29.49,7,60
98634,23-Apr-12,52,0,29.58,6.5,41
98659,24-Apr-12,56,T,29.75,7.2,34
98684,25-Apr-12,58,0.01,29.9,5.4,50
98709,26-Apr-12,77,0,29.86,15.2,60
98735,27-Apr-12,76,0.06,29.93,8,64
98779,28-Apr-12,72,0.01,30.05,6.3,66
98819,29-Apr-12,74,0,30.1,5.9,66
98857,30-Apr-12,72,0,30.16,6.2,66
98885,1-May-12,75,0,30.12,11.4,68
98927,2-May-12,73,0,30.09,9.7,68
98966,3-May-12,76,0,30.09,7.1,67
98999,4-May-12,74,0,30,7.9,67
99028,5-May-12,79,0.46,29.84,8.4,69
99064,6-May-12,74,T,29.86,7.7,66
99099,7-May-12,70,0,29.97,9.5,63
99130,8-May-12,74,0,29.93,7.8,62
99194,9-May-12,71,0.41,29.76,4.8,67
99221,10-May-12,69,0,29.76,5.9,52
99246,11-May-12,66,0,30.04,4.1,50
99271,12-May-12,66,0,30.24,5.4,54
99313,13-May-12,70,0.22,30.18,7.1,62
99358,14-May-12,72,0.81,30.02,8.9,66
99403,15-May-12,76,0,29.94,9.3,71
99453,16-May-12,74,0.25,29.92,5.6,69
99485,17-May-12,74,0.14,29.88,5.7,66
99521,18-May-12,66,0.02,29.94,10.2,58
99546,19-May-12,66,0.06,29.99,9,51
99571,20-May-12,68,0,29.99,8.6,58
99608,21-May-12,72,0,29.93,5,65
99650,22-May-12,72,0.05,29.83,6,67
99684,23-May-12,72,T,29.85,5.8,67
99737,24-May-12,74,0,29.96,5.3,70
99783,25-May-12,76,0.01,30,6.5,69
99815,26-May-12,78,T,30,12.4,66
99858,27-May-12,78,T,30.01,11.5,71
99890,28-May-12,79,0,30.01,8,72
99923,29-May-12,80,0,29.91,9.1,72
99978,30-May-12,76,1.31,29.66,8.1,69
100003,31-May-12,78,0,29.84,6.8,66
100043,1-Jun-12,78,0.01,29.81,14.6,72
100083,2-Jun-12,72,0,29.78,4.9,62
100108,3-Jun-12,70,0,29.89,7.7,56
100139,4-Jun-12,75,0.02,29.73,6.2,67
100178,5-Jun-12,68,0.25,29.73,5,63
100207,6-Jun-12,68,0.11,29.87,8.1,60
100232,7-Jun-12,68,0,29.98,5.5,56
100258,8-Jun-12,69,0,29.99,5.3,60
100287,9-Jun-12,72,0,30.03,7.5,63
100312,10-Jun-12,78,0,30.1,7.9,66
100342,11-Jun-12,78,0.07,30.1,11.7,70
100409,12-Jun-12,77,1.06,29.95,12.8,72
100445,13-Jun-12,80,0.55,29.86,5.3,71
100471,14-Jun-12,75,0.08,29.99,9,61
100496,15-Jun-12,72,0,30.08,9.4,59
100521,16-Jun-12,70,0,30.13,7.3,59
100546,17-Jun-12,68,0,30.07,4.3,58
100580,18-Jun-12,70,0,30.05,4.7,62
100605,19-Jun-12,73,0,30.12,5.2,65
100630,20-Jun-12,76,T,30.11,4.4,68
100655,21-Jun-12,76,0,30,8.1,68
100680,22-Jun-12,77,0,29.89,10.5,68
100709,23-Jun-12,78,T,29.91,8.1,73
100765,24-Jun-12,78,0,29.94,5.2,74
100805,25-Jun-12,80,0.02,29.8,9.6,72
100842,26-Jun-12,72,0.35,29.74,11,60
100867,27-Jun-12,72,0,29.86,8.8,55
100894,28-Jun-12,74,0,29.95,9.2,63
100919,29-Jun-12,82,0,29.82,9.7,72
100955,30-Jun-12,84,0,29.81,7.5,76
100984,1-Jul-12,84,T,29.92,11.4,75
101009,2-Jul-12,84,T,29.95,5.7,69
101035,3-Jul-12,82,0,29.95,8.3,74
101060,4-Jul-12,84,0,29.94,10.2,74
101090,5-Jul-12,84,0.1,29.9,10.1,75
101115,6-Jul-12,86,0,29.9,10.3,76
101140,7-Jul-12,86,0,29.96,11.3,74
101166,8-Jul-12,87,0,29.93,13.8,76
101199,9-Jul-12,85,0.77,29.88,11.3,74
101250,10-Jul-12,80,0.78,29.93,4.4,73
101285,11-Jul-12,78,0.11,30.01,3.8,72
101314,12-Jul-12,79,0.02,30.06,3,NA
101347,13-Jul-12,80,0.3,30.1,5.7,74
101375,14-Jul-12,82,0,30.14,6.2,73
101403,15-Jul-12,80,0,30.13,7.2,72
101430,16-Jul-12,80,0,30.01,6.5,72
101456,17-Jul-12,82,0,29.93,8.4,74
101480,18-Jul-12,82,0,29.96,10.2,73
101505,19-Jul-12,85,0,29.99,14.3,74
101530,20-Jul-12,84,T,29.95,14.8,74
101555,21-Jul-12,84,T,30,10.5,71
101580,22-Jul-12,84,0,30.1,10.7,76
101607,23-Jul-12,85,T,30.11,10.7,75
101634,24-Jul-12,88,0,29.93,8.5,73
101659,25-Jul-12,83,0.02,29.88,6.8,72
101688,26-Jul-12,84,0,29.86,12.5,78
101714,27-Jul-12,86,0,29.87,10.4,77
101746,28-Jul-12,80,1.46,29.95,6.9,74
101781,29-Jul-12,80,1.47,29.94,4.2,74
101836,30-Jul-12,76,1.96,29.93,6.6,73
101871,31-Jul-12,80,0.13,29.9,5.1,74
101908,1-Aug-12,78,0.15,29.86,4.2,73
101953,2-Aug-12,79,T,29.89,6,74
101985,3-Aug-12,80,0,29.98,6.8,73
102017,4-Aug-12,80,0.02,30.1,5.5,75
102053,5-Aug-12,82,0,30.15,7.2,75
102090,6-Aug-12,84,0,30.07,8.6,75
102138,7-Aug-12,80,1.24,30,4.3,74
102175,8-Aug-12,79,0.16,29.96,3.8,74
102208,9-Aug-12,79,T,29.92,6.9,73
102243,10-Aug-12,82,0.02,29.86,15.6,74
102282,11-Aug-12,80,0.83,29.89,10.4,73
102326,12-Aug-12,78,0.02,29.94,5.3,73
102360,13-Aug-12,80,0,29.96,5.5,75
102385,14-Aug-12,82,0,29.91,8.6,73
102410,15-Aug-12,83,T,29.89,8.5,75
102435,16-Aug-12,80,0,29.94,5.8,71
102462,17-Aug-12,79,0,29.89,6.1,72
102496,18-Aug-12,78,0.99,29.83,3.3,73
102533,19-Aug-12,80,0.94,29.82,5.3,74
102566,20-Aug-12,80,0.1,29.85,5.7,72
102607,21-Aug-12,76,0.7,29.95,3.4,72
102654,22-Aug-12,78,0.69,30.01,4.6,71
102713,23-Aug-12,76,1.3,30.03,7.7,71
102755,24-Aug-12,71,0.65,30.03,7.1,68
102787,25-Aug-12,74,0,30.05,4.6,66
102812,26-Aug-12,76,0,30.07,5.4,69
102849,27-Aug-12,80,T,30.02,6.4,75
102893,28-Aug-12,78,0.75,29.98,4.6,74
102941,29-Aug-12,80,0.06,29.93,4.3,74
102979,30-Aug-12,78,0,30.04,1.7,73
103033,31-Aug-12,78,0,30.14,5.1,73
103058,1-Sep-12,84,0,30.06,6.9,76
103083,2-Sep-12,84,0,29.97,6.6,77
103110,3-Sep-12,82,0,29.98,9.6,75
103137,4-Sep-12,82,0,29.97,10.3,72
103165,5-Sep-12,83,0,29.92,12.6,73
103192,6-Sep-12,83,0,29.91,10.4,75
103225,7-Sep-12,80,T,29.88,5,74
103258,8-Sep-12,80,T,29.79,10.4,75
103297,9-Sep-12,73,T,29.8,4.6,67
103322,10-Sep-12,71,0,30,4.4,58
103347,11-Sep-12,70,0,30.18,6.2,54
103373,12-Sep-12,68,0,30.24,6.9,58
103398,13-Sep-12,72,0,30.21,7.6,63
103432,14-Sep-12,76,0,30.13,4.4,68
103468,15-Sep-12,75,0,30.08,3.4,67
103493,16-Sep-12,74,0,30.06,6.2,68
103518,17-Sep-12,76,0,30.01,6.7,70
103560,18-Sep-12,80,0.85,29.81,15.8,73
103598,19-Sep-12,72,0,29.92,6.5,66
103625,20-Sep-12,72,0,30.05,5.8,61
103650,21-Sep-12,71,0,30.02,3.7,62
103675,22-Sep-12,72,0,29.98,6.3,66
103700,23-Sep-12,72,0,29.99,7.1,58
103725,24-Sep-12,68,0,30.1,6.8,53
103750,25-Sep-12,66,0,30.18,4.1,55
103790,26-Sep-12,68,0,30.16,3.7,62
103835,27-Sep-12,70,0,30.12,4,63
103860,28-Sep-12,73,0,30.03,5.6,67
103887,29-Sep-12,76,0,29.91,2,68
103922,30-Sep-12,70,0.02,29.83,3.4,65
103974,1-Oct-12,74,0.07,29.8,7.7,72
104022,2-Oct-12,80,0.21,29.83,9.7,76
104055,3-Oct-12,79,0.23,30.05,8.9,73
104087,4-Oct-12,77,0,30.15,3,69
104112,5-Oct-12,74,0,30.07,2.9,64
104139,6-Oct-12,71,0,29.93,5.1,65
104190,7-Oct-12,70,0.02,29.93,5.6,67
104225,8-Oct-12,58,0.36,30.03,9.5,54
104262,9-Oct-12,56,0,30.04,5.8,53
104318,10-Oct-12,61,0,30.04,3.4,54
104355,11-Oct-12,60,0,30.17,5.4,50
104388,12-Oct-12,62,0,30.17,3.1,51
104413,13-Oct-12,64,0,30.3,10.2,50
104438,14-Oct-12,66,0,30.17,4.2,57
104467,15-Oct-12,70,0.12,29.86,6.7,65
104492,16-Oct-12,60,0,29.86,4.6,48
104517,17-Oct-12,60,0,29.92,3,51
104546,18-Oct-12,66,0.01,29.83,6,64
104577,19-Oct-12,67,0.23,29.75,5.2,58
104602,20-Oct-12,64,0,29.81,4.3,48
104627,21-Oct-12,60,0,30.02,5.3,46
104652,22-Oct-12,58,0,30.14,2.3,46
104679,23-Oct-12,60,0,30.13,2.3,53
104734,24-Oct-12,66,0,30.11,2.4,59
104779,25-Oct-12,70,0,30.06,7.1,62
104806,26-Oct-12,68,T,29.9,11.2,62
104853,27-Oct-12,66,0.64,29.58,16.3,62
104878,28-Oct-12,62,0,29.48,10.5,52
104903,29-Oct-12,54,0,29.48,10.2,38
104928,30-Oct-12,54,0,29.5,9,34
104953,31-Oct-12,52,0,29.7,6.8,35
104978,1-Nov-12,50,0,29.78,5.3,33
105003,2-Nov-12,54,0,29.86,4.4,39
105028,3-Nov-12,54,0,30.01,3.1,40
105055,4-Nov-12,62,0.24,29.93,6.7,56
105081,5-Nov-12,54,0.05,29.97,7.4,42
105109,6-Nov-12,46,0.02,29.95,9.9,38
105138,7-Nov-12,46,0,29.83,4.4,37
105166,8-Nov-12,47,0,29.99,3.1,33
105191,9-Nov-12,48,0,30.16,3.1,34
105233,10-Nov-12,51,0,30.3,2,43
105260,11-Nov-12,58,0,30.38,6.9,53
105287,12-Nov-12,66,0.01,30.28,5.2,60
105325,13-Nov-12,60,0.1,30.17,6.6,56
105356,14-Nov-12,50,T,30.29,12,42
105396,15-Nov-12,46,0.85,30.17,9.2,44
105424,16-Nov-12,52,0,30.2,7.8,44
105460,17-Nov-12,50,0,30.29,12.8,42
105506,18-Nov-12,53,0.89,30.2,16.2,50
105537,19-Nov-12,56,0.01,30.11,13.5,50
105568,20-Nov-12,57,0,30.04,7.6,49
105593,21-Nov-12,54,0,30.04,6.5,42
105618,22-Nov-12,52,0,30.1,6.4,35
105643,23-Nov-12,50,0,30.04,4.9,39
105668,24-Nov-12,48,0,29.93,5.9,32
105693,25-Nov-12,38,0,30.1,3.1,28
105742,26-Nov-12,48,0,30.14,3.4,39
105775,27-Nov-12,50,0.16,30.14,1.7,44
105808,28-Nov-12,44,0,30.23,6.2,38
105861,29-Nov-12,42,0,30.37,1.9,32
105896,30-Nov-12,46,0,30.33,1.6,38
105942,1-Dec-12,52,0,30.31,2.4,44
105994,2-Dec-12,54,0,30.31,1.9,50
106057,3-Dec-12,59,0,30.25,2.1,53
106098,4-Dec-12,61,0,30.25,4.5,57
106137,5-Dec-12,62,0,30.13,4.3,55
106168,6-Dec-12,56,0,30.15,10.4,44
106220,7-Dec-12,58,0.15,30.02,6.5,53
106270,8-Dec-12,60,0,29.99,4.1,55
106318,9-Dec-12,60,T,30.06,3.4,59
106382,10-Dec-12,64,0,29.85,9.2,61
106430,11-Dec-12,65,0.01,29.86,4.5,60
106473,12-Dec-12,52,0.44,30.1,10.2,48
106507,13-Dec-12,46,0.04,30.19,9.8,41
106535,14-Dec-12,48,0,30.24,4.3,37
106585,15-Dec-12,50,0.09,30.15,3.6,47
106632,16-Dec-12,59,T,30,2,57
106681,17-Dec-12,63,0.31,29.81,5.5,60
106712,18-Dec-12,56,0,29.74,7.6,47
106737,19-Dec-12,55,0,29.99,4.3,39
106779,20-Dec-12,54,0.21,29.97,9.6,52
106808,21-Dec-12,52,0.07,29.69,13.1,29
106833,22-Dec-12,44,0,30,7.4,23
106858,23-Dec-12,40,0,30.09,4.2,32
106883,24-Dec-12,51,0.02,29.99,5.4,39
106917,25-Dec-12,52,0.11,29.98,4.2,49
106976,26-Dec-12,54,1.32,29.68,14.9,50
107001,27-Dec-12,45,0,29.86,5.7,33
107030,28-Dec-12,42,0,30.06,3.3,34
107080,29-Dec-12,50,0.96,29.76,8,43
107105,30-Dec-12,38,0,30.19,5,26
107132,31-Dec-12,40,0,30.3,3.8,32
107157,1-Jan-13,55,T,30.05,3.3,48
107203,2-Jan-13,52,T,29.95,6.9,49
107243,3-Jan-13,40,0.05,30.13,4.9,40
107292,4-Jan-13,42,0,30.24,3.2,33
107325,5-Jan-13,40,0,30.3,2.8,30
107350,6-Jan-13,47,0.01,30.15,1.9,43
107377,7-Jan-13,47,0,30.26,6.9,36
107405,8-Jan-13,54,0,30.33,7,43
107440,9-Jan-13,60,0,30.33,3.6,54
107485,10-Jan-13,60,0,30.38,7.4,49
107522,11-Jan-13,64,0.02,30.24,6.5,58
107561,12-Jan-13,66,0,30.12,5.4,59
107600,13-Jan-13,62,0,30.09,4.2,58
107649,14-Jan-13,63,0,30.12,6.5,59
107704,15-Jan-13,64,0,30.09,5.5,60
107769,16-Jan-13,65,0,29.98,10.1,60
107811,17-Jan-13,60,0.35,29.87,10.9,57
107840,18-Jan-13,44,0,30.29,9.1,31
107869,19-Jan-13,45,0,30.36,3.6,35
107916,20-Jan-13,53,0,30.08,3.5,38
107941,21-Jan-13,48,0,29.98,5.3,38
107966,22-Jan-13,40,0,30.09,4,23
107991,23-Jan-13,38,0,30.25,7.3,17
108016,24-Jan-13,42,0,30.16,12,26
108043,25-Jan-13,32,T,30.32,7.3,17
108072,26-Jan-13,43,0,30.15,5.6,29
108097,27-Jan-13,38,0,30.44,7.8,28
108138,28-Jan-13,48,0,30.37,3.8,39
108214,29-Jan-13,56,0,30.18,5.7,52
108257,30-Jan-13,62,0.01,29.92,14.9,59
108288,31-Jan-13,53,0.2,29.82,11.5,32
108313,1-Feb-13,42,0,30.14,8.9,18
108338,2-Feb-13,37,0,30.27,5.5,25
108363,3-Feb-13,48,0,29.94,6.5,32
108388,4-Feb-13,37,0,30.05,2.3,29
108413,5-Feb-13,50,0,29.97,7.4,42
108441,6-Feb-13,55,0,30.06,3.7,44
108475,7-Feb-13,50,0.75,30.09,11,49
108508,8-Feb-13,56,0.13,29.78,7.1,47
108533,9-Feb-13,46,0,30.16,5.2,28
108558,10-Feb-13,44,0,30.33,7.5,38
108599,11-Feb-13,58,0.44,30.11,10.9,57
108640,12-Feb-13,56,0.64,29.98,3.9,53
108677,13-Feb-13,57,0.34,29.76,7.3,49
108702,14-Feb-13,46,0,29.95,3.3,38
108745,15-Feb-13,44,0,30.01,3.6,37
108809,16-Feb-13,44,0.3,29.84,5.6,36
108837,17-Feb-13,32,T,30.07,6.7,24
108862,18-Feb-13,36,0,30.33,4.1,25
108893,19-Feb-13,46,0.02,30.07,6.6,45
108918,20-Feb-13,45,0,30.03,5.7,33
108943,21-Feb-13,44,0,30.11,5.4,30
108977,22-Feb-13,47,0.16,30.15,8.9,41
109020,23-Feb-13,46,0.42,29.92,3.9,45
109068,24-Feb-13,54,T,29.85,5.7,45
109113,25-Feb-13,42,0.02,30.03,9.6,35
109152,26-Feb-13,53,1.2,29.76,12,54
109179,27-Feb-13,53,0,29.74,10,42
109204,28-Feb-13,50,0,29.75,7.7,35
109229,1-Mar-13,46,0,29.85,3.7,31
109254,2-Mar-13,42,0,29.84,3.1,32
109279,3-Mar-13,42,0,29.87,5.8,24
109304,4-Mar-13,42,0,30.03,5.9,20
109329,5-Mar-13,47,0.09,29.98,10.9,42
109356,6-Mar-13,51,0,29.71,12.8,29
109381,7-Mar-13,46,0,30.08,6.3,29
109406,8-Mar-13,46,0,30.16,6.8,27
109431,9-Mar-13,50,0,30.23,5.5,33
109459,10-Mar-13,46,0,30.24,3.9,36
109484,11-Mar-13,54,0,30.08,6.7,51
109523,12-Mar-13,58,0.41,29.83,8.5,56
109548,13-Mar-13,54,0,29.97,6.8,32
109573,14-Mar-13,44,0,30.15,6.3,22
109598,15-Mar-13,43,0,30.11,8,34
109624,16-Mar-13,67,0,29.86,14.9,46
109651,17-Mar-13,64,0,29.91,9.4,50
109697,18-Mar-13,55,0.37,30,6,50
109738,19-Mar-13,60,0.23,29.86,5.9,47
109763,20-Mar-13,48,0,29.96,4.5,26
109790,21-Mar-13,45,0,29.77,7,21
109815,22-Mar-13,38,0,30.01,5.2,23
109850,23-Mar-13,45,0.37,29.99,2,40
109893,24-Mar-13,52,1.61,29.63,9.9,48
109922,25-Mar-13,48,0,29.63,12.3,31
109947,26-Mar-13,42,0,29.94,7.1,25
109972,27-Mar-13,46,0,30.14,6.3,27
109997,28-Mar-13,45,0,30.19,5.1,27
110022,29-Mar-13,44,0,30.25,7.5,33
110047,30-Mar-13,54,T,30.16,5.8,44
110074,31-Mar-13,58,0.1,29.95,13.4,54
110112,1-Apr-13,60,0.39,29.85,5.4,57
110137,2-Apr-13,56,0,30.03,8,41
110162,3-Apr-13,57,0,30.14,8.4,40
110202,4-Apr-13,54,0.75,30.06,12,48
110238,5-Apr-13,51,T,29.86,5.9,44
110279,6-Apr-13,52,0,30.11,7.5,43
110306,7-Apr-13,52,0,30.18,5.4,49
110337,8-Apr-13,62,0,30.13,6.7,57
110372,9-Apr-13,66,0,30.15,7,61
110398,10-Apr-13,68,0,30.08,11.1,62
110453,11-Apr-13,68,0,29.95,9,65
110520,12-Apr-13,69,1.69,29.76,14.4,66
110556,13-Apr-13,62,0,29.88,5.8,51
110612,14-Apr-13,59,0.02,30.04,4.6,54
110650,15-Apr-13,67,0.51,30.01,8.7,60
110675,16-Apr-13,66,0,30.18,5.3,60
110713,17-Apr-13,66,0,30.17,3.2,61
110759,18-Apr-13,68,0.11,30.1,6,64
110811,19-Apr-13,71,0.55,29.93,12.8,67
110849,20-Apr-13,56,0.19,30.03,5.9,47
110874,21-Apr-13,56,0,30.29,13.4,41
110900,22-Apr-13,56,0,30.22,12.9,44
110931,23-Apr-13,60,0,30.13,7.9,51
110978,24-Apr-13,60,0,30.1,7.2,57
111008,25-Apr-13,65,0.15,30.11,6.6,60
111033,26-Apr-13,60,0,30.29,6.7,49
111058,27-Apr-13,61,T,30.29,6.5,50
111083,28-Apr-13,64,T,30.15,7,59
111133,29-Apr-13,67,2.45,29.99,5.7,62
111171,30-Apr-13,67,0.01,29.99,6.6,62
111222,1-May-13,67,0.01,30.1,10,59
111258,2-May-13,67,T,30.17,12.4,59
111298,3-May-13,62,0.06,30.08,14.3,52
111336,4-May-13,60,0.01,29.99,15,52
111377,5-May-13,64,0.05,29.89,13.2,58
111423,6-May-13,66,0.73,29.84,9.4,58
111448,7-May-13,62,T,29.89,6.8,53
111475,8-May-13,64,0,29.95,10.3,57
111501,9-May-13,68,0,30,7.2,61
111526,10-May-13,69,0,30.03,8.8,63
111557,11-May-13,72,0,29.91,12.4,66
111588,12-May-13,72,0.01,29.84,5.7,57
111613,13-May-13,60,0,30.01,7.4,40
111638,14-May-13,57,0,30.16,10,42
111663,15-May-13,70,0,30.05,14.6,58
111689,16-May-13,76,0,29.96,8.2,63
111715,17-May-13,76,0,30.03,9.4,64
111752,18-May-13,71,0,30.1,6.1,67
111787,19-May-13,73,0.2,30.09,6.1,68
111836,20-May-13,74,1.09,30.07,7.3,69
111868,21-May-13,74,T,30.01,8,69
111906,22-May-13,74,0.03,29.98,5.5,70
111948,23-May-13,74,0.19,29.89,6,70
111974,24-May-13,68,0,29.9,6.9,55
111999,25-May-13,62,0,30.18,4.6,45
112024,26-May-13,66,0,30.17,3.7,NA
112051,27-May-13,66,0,NA,6,NA
112076,28-May-13,71,0,30.2,6,66
112107,29-May-13,72,0,30.2,5.1,66
112140,30-May-13,73,0,30.2,5,68
112177,31-May-13,74,0,30.17,6.6,70
112210,1-Jun-13,75,0,30.1,8.8,69
112244,2-Jun-13,78,0.04,30,11.7,71
112286,3-Jun-13,76,0.68,29.89,7.3,72
112323,4-Jun-13,74,0,29.95,5.8,70
112366,5-Jun-13,76,0.03,30.01,10.6,70
112431,6-Jun-13,75,2.99,29.88,9.2,72
112480,7-Jun-13,76,0.54,29.64,16.2,72
112515,8-Jun-13,81,0,29.92,13.8,74
112564,9-Jun-13,79,0,30.09,7.5,75
112612,10-Jun-13,78,0.18,30.03,13.3,74
112649,11-Jun-13,78,T,29.94,9.3,72
112676,12-Jun-13,80,0,29.92,5.9,75
112703,13-Jun-13,82,0.06,29.77,12.3,77
112729,14-Jun-13,74,0.01,29.8,5.9,62
112755,15-Jun-13,71,0,30.06,8,58
112780,16-Jun-13,77,0,30.09,12,63
112813,17-Jun-13,78,0.07,30.01,9.8,70
112844,18-Jun-13,82,0.01,29.88,11.4,72
112887,19-Jun-13,76,T,29.92,7.2,70
112920,20-Jun-13,76,0,30.09,10.4,65
112962,21-Jun-13,74,0.23,30.12,6.9,66
113007,22-Jun-13,76,0.04,30.09,7.2,72
113051,23-Jun-13,76,0.01,30.14,6.8,73
113095,24-Jun-13,80,0.5,30.15,10.4,75
113132,25-Jun-13,80,T,30.09,10.4,74
113168,26-Jun-13,78,1.76,29.99,8.9,72
113203,27-Jun-13,78,0.17,29.86,13.7,75
113241,28-Jun-13,82,T,29.71,14,76
113291,29-Jun-13,78,3.25,29.68,12,73
113362,30-Jun-13,78,1.88,29.78,11.9,74
113433,1-Jul-13,78,1.73,29.9,14.7,74
113482,2-Jul-13,79,0.51,30.08,8.9,74
113524,3-Jul-13,81,0.04,30.17,9.4,76
113562,4-Jul-13,82,0,30.21,9.1,74
113607,5-Jul-13,82,0,30.2,9.1,74
113643,6-Jul-13,82,T,30.18,8.7,72
113675,7-Jul-13,82,0,30.14,10.4,71
113712,8-Jul-13,78,0,30.14,8,71
113738,9-Jul-13,80,0,30.13,9.3,72
113765,10-Jul-13,82,0,30.04,8.8,72
113793,11-Jul-13,82,0,29.93,13.3,73
113860,12-Jul-13,76,1.73,29.89,3.1,72
113928,13-Jul-13,78,1.31,29.98,8.2,74
113967,14-Jul-13,82,T,30.16,10.4,74
113999,15-Jul-13,82,T,30.21,8.4,NA
114037,16-Jul-13,80,0,30.21,4.5,73
114067,17-Jul-13,82,0.05,30.14,4.4,75
114104,18-Jul-13,79,0,30.09,5.7,74
114134,19-Jul-13,80,0,30.06,10.6,74
114169,20-Jul-13,81,0.12,30.01,15.4,73
114205,21-Jul-13,79,T,29.97,9.7,73
114240,22-Jul-13,81,0,29.9,9.1,74
114268,23-Jul-13,82,0,29.81,7.6,73
114295,24-Jul-13,80,0,29.77,5.5,74
114334,25-Jul-13,79,0,29.83,4.4,71
114362,26-Jul-13,76,0,30,7.4,70
114393,27-Jul-13,78,0,29.96,5.3,71
114429,28-Jul-13,79,0.01,29.94,6.3,74
114470,29-Jul-13,79,1.13,30.04,5.7,74
114503,30-Jul-13,78,0.01,30.11,3.5,74
114535,31-Jul-13,78,0.04,30.06,3.8,74
114580,1-Aug-13,77,0.68,29.93,8.7,73
114611,2-Aug-13,80,0.08,29.96,9.6,75
114642,3-Aug-13,82,0,29.97,7.7,76
114667,4-Aug-13,81,0,29.9,4.4,72
114692,5-Aug-13,76,0,30,6.7,63
114718,6-Aug-13,78,T,30,4,66
114743,7-Aug-13,78,0,30.02,5.2,70
114771,8-Aug-13,78,0,30.01,5.6,74
114804,9-Aug-13,82,0.18,30.04,11,76
114831,10-Aug-13,82,0,30.07,10.1,76
114857,11-Aug-13,84,0,30.05,9.2,76
114884,12-Aug-13,86,0,29.99,10.2,76
114911,13-Aug-13,84,0,29.86,13,76
114953,14-Aug-13,74,0.49,29.88,6.5,72
115003,15-Aug-13,67,1.41,30.01,9.5,64
115059,16-Aug-13,71,0.75,30.04,8.4,68
115102,17-Aug-13,74,0.22,30.05,4.2,70
115135,18-Aug-13,77,0,30.12,2.8,73
115186,19-Aug-13,79,0.37,30.07,3.5,75
115232,20-Aug-13,80,T,30.09,3.1,75
115261,21-Aug-13,79,0.01,30.13,4.6,75
115289,22-Aug-13,79,0,30.07,4.4,74
115315,23-Aug-13,82,0,29.97,5.9,73
115352,24-Aug-13,77,0,30.08,7.5,67
115377,25-Aug-13,74,0,30.23,8.6,63
115402,26-Aug-13,74,0,30.18,5.1,62
115427,27-Aug-13,74,0,30.04,6.7,64
115452,28-Aug-13,79,T,29.95,8.6,71
115479,29-Aug-13,83,0,29.87,6.9,72
115509,30-Aug-13,76,0,29.95,6.7,71
115556,31-Aug-13,78,0,29.91,5.9,73
115587,1-Sep-13,82,0,29.88,11.4,76
115617,2-Sep-13,84,0,29.85,12.7,76
115645,3-Sep-13,80,0.02,29.84,7,72
115674,4-Sep-13,79,T,29.97,4.2,74
115735,5-Sep-13,80,T,30.01,2.3,75
115761,6-Sep-13,78,0,30.02,5.5,68
115787,7-Sep-13,74,0,30.01,5.3,65
115813,8-Sep-13,74,0,29.92,5.7,68
115838,9-Sep-13,76,0,30.02,3.3,70
115864,10-Sep-13,78,0,30.14,6.4,69
115889,11-Sep-13,78,0,30.12,4.9,69
115922,12-Sep-13,76,0,29.96,5.4,69
115948,13-Sep-13,80,0,29.76,6.2,70
115973,14-Sep-13,76,0,29.9,9,63
116000,15-Sep-13,76,0,30.1,9.4,68
116041,16-Sep-13,80,0.8,30.06,4.9,72
116066,17-Sep-13,72,0,30.14,11.7,60
116091,18-Sep-13,66,0,30.16,6.3,57
116116,19-Sep-13,70,0,30.1,4.8,58
116142,20-Sep-13,70,0,30.01,3.7,61
116167,21-Sep-13,74,T,29.83,7.6,68
116207,22-Sep-13,72,0.36,29.7,8,67
116232,23-Sep-13,68,0,29.94,5.5,58
116257,24-Sep-13,66,0,29.99,5.9,55
116285,25-Sep-13,66,0.09,29.85,6.8,60
116312,26-Sep-13,70,0.09,29.84,7.2,60
116338,27-Sep-13,70,0,29.99,9.5,57
116363,28-Sep-13,69,0,30.08,9.4,58
116391,29-Sep-13,67,0,30.03,6.2,55
116418,30-Sep-13,67,0,29.99,3.5,57
116449,1-Oct-13,67,0,30.04,3,NA
116474,2-Oct-13,70,0,30.06,4.4,NA
116514,3-Oct-13,70,0,30.08,2.6,NA
116586,4-Oct-13,74,0,30.07,3.4,NA
116631,5-Oct-13,73,0,30.05,3.5,NA
116680,6-Oct-13,74,T,29.98,5.2,NA
116723,7-Oct-13,75,0.16,29.85,6.4,NA
116761,8-Oct-13,64,0.23,29.94,13.9,NA
116797,9-Oct-13,64,0.03,29.99,10.8,NA
116830,10-Oct-13,64,0,29.94,7.3,NA
116863,11-Oct-13,70,0,29.9,3,NA
116888,12-Oct-13,70,0,29.95,4.3,NA
116927,13-Oct-13,68,T,30.04,6.3,NA
116968,14-Oct-13,72,0,30.05,11.3,NA
117008,15-Oct-13,67,0,30.03,8,NA
117051,16-Oct-13,66,0,29.97,4,NA
117085,17-Oct-13,67,0,29.91,6.4,NA
117123,18-Oct-13,70,0.05,29.91,3.3,NA
117175,19-Oct-13,70,0.67,29.87,2.3,NA
117200,20-Oct-13,62,0.01,29.95,6.5,NA
117226,21-Oct-13,62,0,30.03,4.7,NA
117252,22-Oct-13,63,0.16,29.91,0.7,NA
117292,23-Oct-13,62,0.06,29.75,6.5,NA
117317,24-Oct-13,52,0,30.08,3.6,NA
117343,25-Oct-13,48,0,30.2,6.3,NA
117368,26-Oct-13,49,0,30.22,3.4,NA
117395,27-Oct-13,54,0,30.07,2.6,NA
117430,28-Oct-13,60,T,30.16,1.5,NA
117489,29-Oct-13,62,0,30.24,2.3,NA
117569,30-Oct-13,62,0,30.23,2.1,NA
117623,31-Oct-13,64,T,30.1,NA,NA
117648,1-Nov-13,76,0.14,29.82,14.9,68
117691,2-Nov-13,62,0.56,29.74,3,59
117716,3-Nov-13,56,0,30.07,5.6,42
117741,4-Nov-13,54,0,30.36,10.8,38
117778,5-Nov-13,56,0.02,30.36,8.2,50
117814,6-Nov-13,66,0.18,30.22,6.8,58
117867,7-Nov-13,66,0.61,29.96,5.8,62
117892,8-Nov-13,50,0,30.16,7.7,33
117917,9-Nov-13,49,0,30.27,3,40
117942,10-Nov-13,58,0,30.15,2.2,46
117967,11-Nov-13,52,0,30.2,6.3,37
117994,12-Nov-13,54,T,30.06,8.1,37
118022,13-Nov-13,38,T,30.4,8,21
118047,14-Nov-13,41,0,30.41,1.4,28
118074,15-Nov-13,50,0.05,30.25,5.5,49
118107,16-Nov-13,66,T,30.15,3.5,59
118178,17-Nov-13,64,T,30.07,5,61
118219,18-Nov-13,72,T,29.85,8.1,63
118244,19-Nov-13,54,0,30.02,9.7,31
118270,20-Nov-13,52,0,30.26,11.9,38
118300,21-Nov-13,60,0,30.33,7.6,51
118343,22-Nov-13,64,0.06,30.23,3.5,60
118382,23-Nov-13,59,0.08,30.03,4.6,57
118407,24-Nov-13,40,0,30.27,9.4,15
118434,25-Nov-13,36,0,30.46,7.2,16
118488,26-Nov-13,54,1.71,30,10.5,56
118554,27-Nov-13,52,0.08,29.63,9.8,48
118579,28-Nov-13,38,0,30.32,4.7,22
118604,29-Nov-13,44,0,30.46,6.9,27
118631,30-Nov-13,46,0,30.44,8.3,34
118664,1-Dec-13,53,T,30.17,3,44
118702,2-Dec-13,52,T,29.86,2,46
118745,3-Dec-13,50,0.01,29.91,3,46
118799,4-Dec-13,62,0.17,30,1.9,58
118841,5-Dec-13,61,0,30.09,6.6,61
118895,6-Dec-13,68,0,30.08,12.4,63
118938,7-Dec-13,60,0.08,30.15,10.7,53
118975,8-Dec-13,43,0.04,30.29,9.1,40
119043,9-Dec-13,52,0,30.14,2.3,49
119100,10-Dec-13,55,0.15,30,8.3,54
119125,11-Dec-13,42,0,30.33,3.3,30
119150,12-Dec-13,40,0,30.28,3.9,26
119175,13-Dec-13,39,0,30.32,1.8,26
119213,14-Dec-13,55,0.2,30.04,10,51
119251,15-Dec-13,56,0.05,29.82,7,49
119289,16-Dec-13,46,0,30.12,4.5,37
119314,17-Dec-13,51,0,30.09,9.6,38
119339,18-Dec-13,44,0,30.15,4,28
119372,19-Dec-13,44,0,30.29,2,34
119400,20-Dec-13,58,T,30.19,3.2,53
119441,21-Dec-13,62,0,30.12,5.4,59
119490,22-Dec-13,69,0,30.08,9.9,64
119556,23-Dec-13,66,0.21,30.06,10.7,63
119596,24-Dec-13,48,0.05,30.15,6.7,40
119621,25-Dec-13,38,0,30.39,8.3,22
119655,26-Dec-13,40,T,30.26,5.9,35
119680,27-Dec-13,45,0,30.33,5.2,32
119708,28-Dec-13,46,0.04,30.29,4.7,37
119760,29-Dec-13,61,0.58,29.86,9.6,58
119806,30-Dec-13,51,0,30,2.6,46
119833,31-Dec-13,48,0,30.2,3.8,40
119859,1-Jan-14,44,0.04,30.29,3.3,38
119903,2-Jan-14,52,0.64,29.85,4.6,49
119930,3-Jan-14,38,0,30.07,10.6,18
119965,4-Jan-14,39,0,30.36,8.4,26
120026,5-Jan-14,55,0.08,30.04,4.6,54
120075,6-Jan-14,46,T,29.8,12.3,39
120100,7-Jan-14,24,0,30.36,6.6,1
120125,8-Jan-14,31,0,30.5,3.8,14
120150,9-Jan-14,44,T,30.44,7.8,32
120194,10-Jan-14,62,T,30.23,6.3,56
120271,11-Jan-14,62,0.44,29.86,12,60
120298,12-Jan-14,50,T,29.96,5,37
120341,13-Jan-14,46,0,30.11,2,40
120389,14-Jan-14,50,0.32,29.85,4.6,52
120433,15-Jan-14,48,0,29.9,3.4,42
120461,16-Jan-14,40,0,29.93,5.3,32
120486,17-Jan-14,44,0,29.99,10.4,35
120511,18-Jan-14,42,T,29.97,7.9,19
120536,19-Jan-14,46,T,29.98,8,26
120561,20-Jan-14,54,0,29.9,8.9,34
120587,21-Jan-14,48,T,29.66,11.2,38
120616,22-Jan-14,32,0,29.91,6.1,18
120641,23-Jan-14,32,0,30.19,3.9,14
120666,24-Jan-14,23,0,30.41,7.9,2
120691,25-Jan-14,32,0,30,10.1,17
120716,26-Jan-14,38,0,29.92,7.9,28
120741,27-Jan-14,50,0,29.88,8.2,40
120789,28-Jan-14,40,0.19,30.08,11.9,20
120834,29-Jan-14,25,0.08,30.2,8.2,19
120863,30-Jan-14,30,0.02,30.27,8.6,18
120894,31-Jan-14,41,0,30.17,2.6,31
120934,1-Feb-14,40,0.01,30.14,4.7,36
120973,2-Feb-14,53,0,30.09,5.3,47
121027,3-Feb-14,57,0,29.99,10.4,53
121058,4-Feb-14,47,T,30.19,8.5,40
121124,5-Feb-14,56,0.31,29.9,8.6,49
121149,6-Feb-14,46,0.01,30.13,8,32
121182,7-Feb-14,41,0.01,30.26,4.9,33
121217,8-Feb-14,41,0.23,30.15,5.3,35
121260,9-Feb-14,42,0,30.08,4.2,37
121285,10-Feb-14,46,0,30.05,7.3,38
121337,11-Feb-14,36,0.24,30.2,13.1,31
121393,12-Feb-14,32,0.86,30.11,13.9,29
121436,13-Feb-14,36,0.08,29.57,9.2,33
121461,14-Feb-14,44,0,29.8,11,37
121490,15-Feb-14,42,0.18,29.72,12.4,35
121515,16-Feb-14,40,0,30.06,4.6,30
121545,17-Feb-14,42,0,30.2,9.4,32
121572,18-Feb-14,54,0,30.13,4.2,44
121611,19-Feb-14,57,0,30.02,11,49
121648,20-Feb-14,59,0,30.11,7.2,54
121702,21-Feb-14,57,0.06,29.95,10.9,57
121727,22-Feb-14,56,0,30.06,5.9,39
121752,23-Feb-14,51,0,30.02,3.4,43
121781,24-Feb-14,56,0,29.96,5.2,44
121808,25-Feb-14,54,0,29.96,6.5,45
121856,26-Feb-14,42,0.32,29.83,7.5,36
121898,27-Feb-14,42,0,29.82,6.7,36
121936,28-Feb-14,43,0,30.09,11,28
121975,1-Mar-14,48,T,30.22,6,38
122003,2-Mar-14,53,0,30.12,7.1,43
122041,3-Mar-14,49,0.09,29.91,13.2,45
122074,4-Mar-14,31,0,30.17,10.5,23
122103,5-Mar-14,38,0.07,30.12,7.4,33
122146,6-Mar-14,40,1.14,30.1,17.7,35
122189,7-Mar-14,44,0.22,29.71,13.4,42
122214,8-Mar-14,50,0,30.01,8.3,40
122239,9-Mar-14,58,0,30.01,6.9,44
122279,10-Mar-14,58,0,29.9,6.8,43
122304,11-Mar-14,58,0,29.76,9.3,49
122335,12-Mar-14,63,0.06,29.54,14.1,53
122361,13-Mar-14,42,0,29.91,7.8,21
122386,14-Mar-14,42,0,30.24,4.8,31
122411,15-Mar-14,60,0,30.05,9.7,44
122452,16-Mar-14,54,0.4,29.91,5.2,49
122514,17-Mar-14,48,0.21,29.76,9.4,42
122548,18-Mar-14,42,T,29.89,11.7,37
122586,19-Mar-14,49,0.01,30.05,4.9,43
122616,20-Mar-14,56,0,29.97,7.6,47
122645,21-Mar-14,52,0,30.06,6.3,38
122678,22-Mar-14,58,T,30.01,7.4,53
122726,23-Mar-14,56,T,29.91,6.3,52
122757,24-Mar-14,45,0,30.14,8.1,33
122788,25-Mar-14,47,0.3,29.85,7.6,40
122813,26-Mar-14,41,0,30.14,6.9,21
122838,27-Mar-14,42,0,30.36,6,33
122890,28-Mar-14,56,0.47,30.19,7.1,55
122965,29-Mar-14,62,1.77,29.87,10,61
122990,30-Mar-14,58,0,29.74,11.7,35
123015,31-Mar-14,58,0,30.02,5.7,33
123044,1-Apr-14,54,0,30.08,6.4,47
123069,2-Apr-14,61,0,30.06,9.1,51
123094,3-Apr-14,64,0,30.01,12.2,55
123119,4-Apr-14,63,0,29.9,13.9,58
123144,5-Apr-14,68,0,29.89,10.1,56
123176,6-Apr-14,58,T,30.03,11.3,46
123214,7-Apr-14,65,0.16,29.88,7.3,60
123265,8-Apr-14,66,0.05,29.63,8.4,59
123290,9-Apr-14,60,0.05,29.81,7.3,46
123336,10-Apr-14,57,0,30.18,7.2,49
123361,11-Apr-14,67,0,30.19,12.9,53
123386,12-Apr-14,64,0,30.16,6.6,59
123416,13-Apr-14,67,0,30.16,6.8,60
123460,14-Apr-14,70,0.02,30,8.2,64
123513,15-Apr-14,59,0.35,29.73,16.5,61
123541,16-Apr-14,50,0,30.19,11.1,33
123566,17-Apr-14,54,0,30.37,10.4,42
123604,18-Apr-14,59,0.72,30.25,12.2,48
123640,19-Apr-14,56,0.29,29.97,16.2,53
123677,20-Apr-14,56,0.34,30.02,17.2,50
123708,21-Apr-14,63,0,29.99,7.9,51
123742,22-Apr-14,63,0,29.78,8.1,57
123776,23-Apr-14,66,0,29.76,6.2,54
123801,24-Apr-14,56,0,30,7.8,47
123827,25-Apr-14,66,T,29.85,10,63
123852,26-Apr-14,68,0,29.92,9,52
123879,27-Apr-14,66,0,29.96,8,60
123907,28-Apr-14,70,T,29.91,9.2,66
123965,29-Apr-14,74,0,29.91,8.8,69
124017,30-Apr-14,71,0.55,30,10.9,68
124047,1-May-14,75,T,29.89,12.1,66
124075,2-May-14,65,T,29.88,4.1,56
124100,3-May-14,70,T,29.86,5.7,54
124125,4-May-14,70,0,29.93,8.9,51
124150,5-May-14,72,0,29.91,8.6,58
124175,6-May-14,76,0,29.86,7.9,60
124200,7-May-14,72,0,30.02,7.5,62
124225,8-May-14,74,0,30.13,11.3,65
124265,9-May-14,71,0,30.12,11.9,68
124298,10-May-14,75,0,30.09,12.6,69
124330,11-May-14,74,0.14,30.09,6.1,70
124373,12-May-14,76,0,30.12,9.2,70
124405,13-May-14,74,0,30.12,8.5,69
124448,14-May-14,73,0,30.12,6.9,67
124489,15-May-14,76,0.52,29.97,12.1,70
124530,16-May-14,68,0.39,29.87,7,56
124555,17-May-14,64,0,30.1,7.5,45
124580,18-May-14,62,T,30.15,3.9,54
124605,19-May-14,63,0,30.2,5.9,49
124630,20-May-14,62,0,30.2,7.5,52
124655,21-May-14,72,0,30.05,12.3,62
124680,22-May-14,80,0,29.9,7,63
124709,23-May-14,80,0.3,29.91,7.2,66
124734,24-May-14,72,0,30,7.4,58
124764,25-May-14,67,0,30.11,6.3,62
124791,26-May-14,72,0,30.15,10.8,66
124820,27-May-14,77,0.17,30.06,13.7,69
124847,28-May-14,80,0,29.97,8.1,71
124884,29-May-14,76,0.06,30,6,69
124935,30-May-14,74,0.01,30.02,6.3,69
124981,31-May-14,75,T,30.07,9.7,64
125007,1-Jun-14,69,0,30.2,11,53
125032,2-Jun-14,66,0,30.19,7.2,58
125060,3-Jun-14,70,0,30.03,9.1,64
125085,4-Jun-14,79,0,29.88,11.5,68
125113,5-Jun-14,79,0.16,29.78,15.1,70
125155,6-Jun-14,78,T,29.83,5,71
125196,7-Jun-14,77,0,29.92,8.4,66
125221,8-Jun-14,72,0,29.93,7.1,64
125261,9-Jun-14,80,0,29.87,10.1,74
125286,10-Jun-14,84,0,29.9,11.3,74
125316,11-Jun-14,80,0.1,29.91,9.4,73
125354,12-Jun-14,80,0.15,29.85,9.9,71
125381,13-Jun-14,79,T,29.83,12.7,71
125406,14-Jun-14,82,0,29.91,8,69
125444,15-Jun-14,80,0.04,30.06,5.9,72
125487,16-Jun-14,78,0,30.12,7.9,70
125526,17-Jun-14,78,0,30.12,8.2,70
125554,18-Jun-14,78,0,30.1,10.1,70
125579,19-Jun-14,81,0,30.06,11.1,72
125604,20-Jun-14,82,T,29.96,11.3,71
125638,21-Jun-14,80,0.4,29.86,8.7,73
125666,22-Jun-14,80,0,29.81,5.1,72
125700,23-Jun-14,79,0,29.98,8.8,71
125737,24-Jun-14,78,0.36,30.04,8.6,72
125762,25-Jun-14,81,0.02,29.96,11,73
125787,26-Jun-14,83,0,29.93,8.9,74
125818,27-Jun-14,81,0.05,29.96,6.7,72
125874,28-Jun-14,79,1.35,30.07,7.1,73
125899,29-Jun-14,76,0,30.11,8.8,68
125924,30-Jun-14,76,0,30.02,5.3,67
125957,1-Jul-14,78,0,29.94,7.9,71
125992,2-Jul-14,83,0,29.95,9.9,75
126045,3-Jul-14,76,2.25,29.82,12.5,72
126070,4-Jul-14,80,0,29.97,5.8,72
126095,5-Jul-14,77,0,30.14,11.7,62
126122,6-Jul-14,76,0,30.09,7.9,66
126154,7-Jul-14,78,0,30.01,10,72
126186,8-Jul-14,86,0,29.99,17,74
126211,9-Jul-14,84,0,29.98,14.9,75
126276,10-Jul-14,80,1.55,30.02,12.8,75
126319,11-Jul-14,76,0.22,30.11,3,71
126367,12-Jul-14,78,0.23,30.14,4.9,72
126403,13-Jul-14,79,0,30.08,7.7,72
126431,14-Jul-14,82,0,29.97,11.5,75
126466,15-Jul-14,80,0.06,29.86,12.1,73
126517,16-Jul-14,78,1.19,29.82,4,71
126542,17-Jul-14,78,0,29.94,7,69
126567,18-Jul-14,78,0,30.07,7.9,63
126596,19-Jul-14,76,0,30.06,3.9,67
126629,20-Jul-14,78,T,30.03,5,72
126668,21-Jul-14,80,0.37,30.05,6.1,73
126734,22-Jul-14,80,0.03,30.05,6.5,74
126768,23-Jul-14,80,0.01,30,7.4,74
126799,24-Jul-14,84,0.08,29.88,11.4,75
126849,25-Jul-14,78,0.07,29.94,4.3,73
126879,26-Jul-14,80,0,29.96,6.7,73
126904,27-Jul-14,86,0,29.89,10.1,75
126940,28-Jul-14,82,0.38,29.78,7.6,73
126966,29-Jul-14,79,0,29.85,5,67
126991,30-Jul-14,77,0,29.97,7.8,66
127024,31-Jul-14,78,T,30.03,10.5,70
127084,1-Aug-14,78,1.12,29.99,8.2,73
127168,2-Aug-14,76,1.62,30,4.5,73
127230,3-Aug-14,76,0.8,30.02,6.2,72
127278,4-Aug-14,76,0.04,30,4.4,72
127318,5-Aug-14,79,0.06,29.95,5.7,73
127343,6-Aug-14,80,0,29.93,6.6,74
127370,7-Aug-14,80,0,29.9,4.6,72
127409,8-Aug-14,80,0,29.99,8.1,72
127453,9-Aug-14,78,0.2,30.01,6,73
127511,10-Aug-14,79,0.23,29.97,6.8,73
127544,11-Aug-14,80,0,29.94,8.9,73
127569,12-Aug-14,80,0.01,29.84,6.5,74
127597,13-Aug-14,81,T,29.83,5.3,71
127622,14-Aug-14,75,0,29.94,5.5,63
127655,15-Aug-14,74,0,29.96,4.9,66
127693,16-Aug-14,77,0.2,29.96,5.2,72
127721,17-Aug-14,83,0,29.95,6.2,73
127750,18-Aug-14,82,0.05,29.86,10.7,74
127782,19-Aug-14,82,0.53,29.8,6.3,72
127816,20-Aug-14,80,0.06,29.9,4.5,75
127876,21-Aug-14,83,0.26,29.99,4,75
127904,22-Aug-14,84,0,29.96,5.7,76
127956,23-Aug-14,82,1.42,29.87,5.1,77
127987,24-Aug-14,77,0,29.91,12.9,67
128012,25-Aug-14,74,0,29.98,11.6,65
128038,26-Aug-14,76,0,30.01,8.7,65
128064,27-Aug-14,77,0,29.95,5.9,65
128091,28-Aug-14,77,0,29.96,6.8,66
128116,29-Aug-14,78,0,30.04,5,71
128143,30-Aug-14,80,T,30.12,5.8,74
128172,31-Aug-14,82,0,30.1,7,75
128199,1-Sep-14,82,0,30.06,7.8,75
128225,2-Sep-14,83,0,30.03,8.4,76
128250,3-Sep-14,81,0,30.02,8.8,74
128277,4-Sep-14,80,T,30.1,6,73
128307,5-Sep-14,82,0.1,30.1,6.1,73
128351,6-Sep-14,80,0.29,30,8,73
128391,7-Sep-14,80,0.17,29.97,7.1,73
128447,8-Sep-14,78,0.7,29.98,10.9,73
128490,9-Sep-14,74,0.01,30.02,3.2,70
128522,10-Sep-14,77,0,30.02,3.3,70
128549,11-Sep-14,77,0,29.99,6.7,72
128585,12-Sep-14,80,0.44,29.98,6.1,74
128617,13-Sep-14,80,0.16,30.03,4.3,74
128671,14-Sep-14,72,0.71,30.12,7.1,68
128715,15-Sep-14,73,0.47,30.13,5.3,68
128749,16-Sep-14,78,0,29.98,3.6,70
128779,17-Sep-14,76,T,29.88,4.9,67
128809,18-Sep-14,75,0.68,29.9,6.6,67
128835,19-Sep-14,74,0.01,30.04,10.8,65
128861,20-Sep-14,71,0.01,30.01,10.1,65
128889,21-Sep-14,77,0.05,29.84,8.1,65
128914,22-Sep-14,73,0.27,29.95,6,64
128948,23-Sep-14,64,0.26,30.11,11.9,60
128992,24-Sep-14,65,0.06,30.12,10.3,61
129029,25-Sep-14,72,T,30.09,8,68
129065,26-Sep-14,70,0.01,30.07,10.5,65
129102,27-Sep-14,73,T,30.08,10.1,65
129129,28-Sep-14,74,0,30.06,6.9,67
129157,29-Sep-14,69,0.17,29.94,6.4,64
129193,30-Sep-14,73,0,29.84,5.3,63
129222,1-Oct-14,71,0,29.92,3.8,64
129261,2-Oct-14,72,0,30.03,4.8,66
129307,3-Oct-14,72,T,29.95,8.7,68
129342,4-Oct-14,67,0,29.72,7.9,56
129367,5-Oct-14,56,0,29.95,3.4,41
129392,6-Oct-14,60,0,30.05,7.1,48
129418,7-Oct-14,69,0,30.06,6.6,62
129443,8-Oct-14,78,0,30,10.7,68
129468,9-Oct-14,70,0,30.06,6.3,57
129494,10-Oct-14,69,T,30.06,5.1,63
129519,11-Oct-14,76,0,29.98,8.9,70
129563,12-Oct-14,70,0,30.07,7.1,66
129606,13-Oct-14,74,0,30.13,8.4,70
129651,14-Oct-14,77,0,30,10.2,72
129695,15-Oct-14,70,0.35,29.84,7,64
129720,16-Oct-14,66,0,29.8,4.8,54
129745,17-Oct-14,64,0,29.86,7.7,55
129770,18-Oct-14,71,0,29.78,6.2,57
129795,19-Oct-14,59,0,30,5.7,47
129828,20-Oct-14,59,0,30.05,3.8,52
129860,21-Oct-14,66,0,29.88,5.2,56
129885,22-Oct-14,60,0,29.92,6.7,44
129910,23-Oct-14,58,0,29.97,5.6,44
129935,24-Oct-14,58,0,29.97,3.8,48
129971,25-Oct-14,60,0,29.93,3.1,47
129996,26-Oct-14,68,0,29.86,4.5,51
130043,27-Oct-14,65,0,30.01,3.2,55
130098,28-Oct-14,66,0,30.09,6.9,62
130123,29-Oct-14,74,0,29.99,10,65
130165,30-Oct-14,62,0.36,29.92,7.7,54
130190,31-Oct-14,58,0,29.82,5.8,47
130240,1-Nov-14,48,0.94,29.67,6.9,44
130265,2-Nov-14,48,0,30.1,7.6,32
130290,3-Nov-14,47,0,30.34,3.8,33
130315,4-Nov-14,53,0,30.31,2.9,41
130359,5-Nov-14,64,0,30.23,3,58
130396,6-Nov-14,66,0,29.97,10.6,61
130421,7-Nov-14,52,0,29.9,5.6,38
130446,8-Nov-14,52,0,29.99,4.6,43
130471,9-Nov-14,54,T,29.91,3.7,47
130500,10-Nov-14,53,0,30,8.1,45
130539,11-Nov-14,67,T,29.86,8.8,59
130579,12-Nov-14,64,0,29.91,2.4,57
130609,13-Nov-14,60,0.02,29.94,3.8,57
130642,14-Nov-14,42,T,30.06,8.1,36
130667,15-Nov-14,40,0,30.31,6.6,24
130709,16-Nov-14,48,0.04,30.21,7,41
130759,17-Nov-14,60,T,29.82,10.6,59
130786,18-Nov-14,40,0,30.05,7.7,25
130811,19-Nov-14,34,0,30.33,5.5,22
130836,20-Nov-14,46,0,30.16,8.4,31
130861,21-Nov-14,50,0,30.3,8.1,28
130886,22-Nov-14,45,0,30.43,6.7,36
130939,23-Nov-14,59,2.22,30.07,9,58
131018,24-Nov-14,65,0.1,29.83,12.1,64
131062,25-Nov-14,64,0.37,29.98,5.2,61
131119,26-Nov-14,55,0.17,29.86,7.1,51
131156,27-Nov-14,47,0,30.05,7.6,36
131181,28-Nov-14,40,0,30.28,4.6,26
131208,29-Nov-14,41,0,30.29,3.1,33
131247,30-Nov-14,52,0,30.29,6,47
131293,1-Dec-14,58,0,30.32,4.6,51
131340,2-Dec-14,58,0.01,30.3,5.1,52
131379,3-Dec-14,59,0,30.23,2.6,53
131441,4-Dec-14,56,0,30.27,5.4,51
131468,5-Dec-14,54,0,30.33,6.4,46
131510,6-Dec-14,60,0.09,30.15,4.2,54
131544,7-Dec-14,52,T,30.15,14.4,41
131575,8-Dec-14,48,0.07,30.21,8.8,37
131604,9-Dec-14,46,0.01,29.93,7.1,40
131629,10-Dec-14,46,T,29.95,5,35
131656,11-Dec-14,41,0,30.03,3.9,28
131681,12-Dec-14,46,0,30.13,4.5,25
131706,13-Dec-14,46,0,30.07,3.2,30
131731,14-Dec-14,47,0,29.99,3.4,33
131782,15-Dec-14,45,0,30.04,2.2,37
131843,16-Dec-14,49,0,29.99,8.7,46
131868,17-Dec-14,52,0,30.03,4.8,42
131900,18-Dec-14,46,0,30.07,3.1,36
131925,19-Dec-14,46,0,30.08,3.4,36
131968,20-Dec-14,45,0.15,30.17,7.5,42
132002,21-Dec-14,46,0.02,30.18,9.4,38
132049,22-Dec-14,46,0.09,30.01,7.5,44
132115,23-Dec-14,53,0.42,29.96,4.7,50
132198,24-Dec-14,66,2.24,29.79,12,63
132229,25-Dec-14,52,T,29.96,6,45
132284,26-Dec-14,48,0,30.25,1.8,40
132339,27-Dec-14,48,0,30.25,1.5,41
132370,28-Dec-14,58,T,30.07,3.8,54
132423,29-Dec-14,57,0.1,30,4,56
132465,30-Dec-14,48,T,30.19,8.9,42
132491,31-Dec-14,40,0,30.36,4.7,30
1198591,1-Jan-15,44,0.04,30.29,3.3,38
1199031,2-Jan-15,52,0.64,29.85,4.6,49
1199301,3-Jan-15,38,0,30.07,10.6,18
1199651,4-Jan-15,39,0,30.36,8.4,26
1200261,5-Jan-15,55,0.08,30.04,4.6,54
1200751,6-Jan-15,46,T,29.8,12.3,39
1201001,7-Jan-15,24,0,30.36,6.6,1
1201251,8-Jan-15,31,0,30.5,3.8,14
1201501,9-Jan-15,44,T,30.44,7.8,32
1201941,10-Jan-15,62,T,30.23,6.3,56
1202711,11-Jan-15,62,0.44,29.86,12,60
1202981,12-Jan-15,50,T,29.96,5,37
1203411,13-Jan-15,46,0,30.11,2,40
1203891,14-Jan-15,50,0.32,29.85,4.6,52
1204331,15-Jan-15,48,0,29.9,3.4,42
1204611,16-Jan-15,40,0,29.93,5.3,32
1204861,17-Jan-15,44,0,29.99,10.4,35
1205111,18-Jan-15,42,T,29.97,7.9,19
1205361,19-Jan-15,46,T,29.98,8,26
1205611,20-Jan-15,54,0,29.9,8.9,34
1205871,21-Jan-15,48,T,29.66,11.2,38
1206161,22-Jan-15,32,0,29.91,6.1,18
1206411,23-Jan-15,32,0,30.19,3.9,14
1206661,24-Jan-15,23,0,30.41,7.9,2
1206911,25-Jan-15,32,0,30,10.1,17
1207161,26-Jan-15,38,0,29.92,7.9,28
1207411,27-Jan-15,50,0,29.88,8.2,40
1207891,28-Jan-15,40,0.19,30.08,11.9,20
1208341,29-Jan-15,25,0.08,30.2,8.2,19
1208631,30-Jan-15,30,0.02,30.27,8.6,18
1208941,31-Jan-15,41,0,30.17,2.6,31
1209341,1-Feb-15,40,0.01,30.14,4.7,36
1209731,2-Feb-15,53,0,30.09,5.3,47
1210271,3-Feb-15,57,0,29.99,10.4,53
1210581,4-Feb-15,47,T,30.19,8.5,40
1211241,5-Feb-15,56,0.31,29.9,8.6,49
1211491,6-Feb-15,46,0.01,30.13,8,32
1211821,7-Feb-15,41,0.01,30.26,4.9,33
1212171,8-Feb-15,41,0.23,30.15,5.3,35
1212601,9-Feb-15,42,0,30.08,4.2,37
1212851,10-Feb-15,46,0,30.05,7.3,38
1213371,11-Feb-15,36,0.24,30.2,13.1,31
1213931,12-Feb-15,32,0.86,30.11,13.9,29
1214361,13-Feb-15,36,0.08,29.57,9.2,33
1214611,14-Feb-15,44,0,29.8,11,37
1214901,15-Feb-15,42,0.18,29.72,12.4,35
1215151,16-Feb-15,40,0,30.06,4.6,30
1215451,17-Feb-15,42,0,30.2,9.4,32
1215721,18-Feb-15,54,0,30.13,4.2,44
1216111,19-Feb-15,57,0,30.02,11,49
1216481,20-Feb-15,59,0,30.11,7.2,54
1217021,21-Feb-15,57,0.06,29.95,10.9,57
1217271,22-Feb-15,56,0,30.06,5.9,39
1217521,23-Feb-15,51,0,30.02,3.4,43
1217811,24-Feb-15,56,0,29.96,5.2,44
1218081,25-Feb-15,54,0,29.96,6.5,45
1218561,26-Feb-15,42,0.32,29.83,7.5,36
1218981,27-Feb-15,42,0,29.82,6.7,36
1219361,28-Feb-15,43,0,30.09,11,28
1219751,1-Mar-15,48,T,30.22,6,38
1220031,2-Mar-15,53,0,30.12,7.1,43
1220411,3-Mar-15,49,0.09,29.91,13.2,45
1220741,4-Mar-15,31,0,30.17,10.5,23
1221031,5-Mar-15,38,0.07,30.12,7.4,33
1221461,6-Mar-15,40,1.14,30.1,17.7,35
1221891,7-Mar-15,44,0.22,29.71,13.4,42
1222141,8-Mar-15,50,0,30.01,8.3,40
1222391,9-Mar-15,58,0,30.01,6.9,44
1222791,10-Mar-15,58,0,29.9,6.8,43
1223041,11-Mar-15,58,0,29.76,9.3,49
1223351,12-Mar-15,63,0.06,29.54,14.1,53
1223611,13-Mar-15,42,0,29.91,7.8,21
1223861,14-Mar-15,42,0,30.24,4.8,31
1224111,15-Mar-15,60,0,30.05,9.7,44
1224521,16-Mar-15,54,0.4,29.91,5.2,49
1225141,17-Mar-15,48,0.21,29.76,9.4,42
1225481,18-Mar-15,42,T,29.89,11.7,37
1225861,19-Mar-15,49,0.01,30.05,4.9,43
1226161,20-Mar-15,56,0,29.97,7.6,47
1226451,21-Mar-15,52,0,30.06,6.3,38
1226781,22-Mar-15,58,T,30.01,7.4,53
1227261,23-Mar-15,56,T,29.91,6.3,52
1227571,24-Mar-15,45,0,30.14,8.1,33
1227881,25-Mar-15,47,0.3,29.85,7.6,40
1228131,26-Mar-15,41,0,30.14,6.9,21
1228381,27-Mar-15,42,0,30.36,6,33
1228901,28-Mar-15,56,0.47,30.19,7.1,55
1229651,29-Mar-15,62,1.77,29.87,10,61
1229901,30-Mar-15,58,0,29.74,11.7,35
1230151,31-Mar-15,58,0,30.02,5.7,33
1230441,1-Apr-15,54,0,30.08,6.4,47
1230691,2-Apr-15,61,0,30.06,9.1,51
1230941,3-Apr-15,64,0,30.01,12.2,55
1231191,4-Apr-15,63,0,29.9,13.9,58
1231441,5-Apr-15,68,0,29.89,10.1,56
1231761,6-Apr-15,58,T,30.03,11.3,46
1232141,7-Apr-15,65,0.16,29.88,7.3,60
1232651,8-Apr-15,66,0.05,29.63,8.4,59
1232901,9-Apr-15,60,0.05,29.81,7.3,46
1233361,10-Apr-15,57,0,30.18,7.2,49
1233611,11-Apr-15,67,0,30.19,12.9,53
1233861,12-Apr-15,64,0,30.16,6.6,59
1234161,13-Apr-15,67,0,30.16,6.8,60
1234601,14-Apr-15,70,0.02,30,8.2,64
1235131,15-Apr-15,59,0.35,29.73,16.5,61
1235411,16-Apr-15,50,0,30.19,11.1,33
1235661,17-Apr-15,54,0,30.37,10.4,42
1236041,18-Apr-15,59,0.72,30.25,12.2,48
1236401,19-Apr-15,56,0.29,29.97,16.2,53
1236771,20-Apr-15,56,0.34,30.02,17.2,50
1237081,21-Apr-15,63,0,29.99,7.9,51
1237421,22-Apr-15,63,0,29.78,8.1,57
1237761,23-Apr-15,66,0,29.76,6.2,54
1238011,24-Apr-15,56,0,30,7.8,47
1238271,25-Apr-15,66,T,29.85,10,63
1238521,26-Apr-15,68,0,29.92,9,52
1238791,27-Apr-15,66,0,29.96,8,60
1239071,28-Apr-15,70,T,29.91,9.2,66
1239651,29-Apr-15,74,0,29.91,8.8,69
1240171,30-Apr-15,71,0.55,30,10.9,68
1240471,1-May-15,75,T,29.89,12.1,66
1240751,2-May-15,65,T,29.88,4.1,56
1241001,3-May-15,70,T,29.86,5.7,54
1241251,4-May-15,70,0,29.93,8.9,51
1241501,5-May-15,72,0,29.91,8.6,58
1241751,6-May-15,76,0,29.86,7.9,60
1242001,7-May-15,72,0,30.02,7.5,62
1242251,8-May-15,74,0,30.13,11.3,65
1242651,9-May-15,71,0,30.12,11.9,68
1242981,10-May-15,75,0,30.09,12.6,69
1243301,11-May-15,74,0.14,30.09,6.1,70
1243731,12-May-15,76,0,30.12,9.2,70
1244051,13-May-15,74,0,30.12,8.5,69
1244481,14-May-15,73,0,30.12,6.9,67
1244891,15-May-15,76,0.52,29.97,12.1,70
1245301,16-May-15,68,0.39,29.87,7,56
1245551,17-May-15,64,0,30.1,7.5,45
1245801,18-May-15,62,T,30.15,3.9,54
1246051,19-May-15,63,0,30.2,5.9,49
1246301,20-May-15,62,0,30.2,7.5,52
1246551,21-May-15,72,0,30.05,12.3,62
1246801,22-May-15,80,0,29.9,7,63
1247091,23-May-15,80,0.3,29.91,7.2,66
1247341,24-May-15,72,0,30,7.4,58
1247641,25-May-15,67,0,30.11,6.3,62
1247911,26-May-15,72,0,30.15,10.8,66
1248201,27-May-15,77,0.17,30.06,13.7,69
1248471,28-May-15,80,0,29.97,8.1,71
1248841,29-May-15,76,0.06,30,6,69
1249351,30-May-15,74,0.01,30.02,6.3,69
1249811,31-May-15,75,T,30.07,9.7,64
1250071,1-Jun-15,69,0,30.2,11,53
1250321,2-Jun-15,66,0,30.19,7.2,58
1250601,3-Jun-15,70,0,30.03,9.1,64
1250851,4-Jun-15,79,0,29.88,11.5,68
1251131,5-Jun-15,79,0.16,29.78,15.1,70
1251551,6-Jun-15,78,T,29.83,5,71
1251961,7-Jun-15,77,0,29.92,8.4,66
1252211,8-Jun-15,72,0,29.93,7.1,64
1252611,9-Jun-15,80,0,29.87,10.1,74
1252861,10-Jun-15,84,0,29.9,11.3,74
1253161,11-Jun-15,80,0.1,29.91,9.4,73
1253541,12-Jun-15,80,0.15,29.85,9.9,71
1253811,13-Jun-15,79,T,29.83,12.7,71
1254061,14-Jun-15,82,0,29.91,8,69
1254441,15-Jun-15,80,0.04,30.06,5.9,72
1254871,16-Jun-15,78,0,30.12,7.9,70
1255261,17-Jun-15,78,0,30.12,8.2,70
1255541,18-Jun-15,78,0,30.1,10.1,70
1255791,19-Jun-15,81,0,30.06,11.1,72
1256041,20-Jun-15,82,T,29.96,11.3,71
1256381,21-Jun-15,80,0.4,29.86,8.7,73
1256661,22-Jun-15,80,0,29.81,5.1,72
1257001,23-Jun-15,79,0,29.98,8.8,71
1257371,24-Jun-15,78,0.36,30.04,8.6,72
1257621,25-Jun-15,81,0.02,29.96,11,73
1257871,26-Jun-15,83,0,29.93,8.9,74
1258181,27-Jun-15,81,0.05,29.96,6.7,72
1258741,28-Jun-15,79,1.35,30.07,7.1,73
1258991,29-Jun-15,76,0,30.11,8.8,68
1259241,30-Jun-15,76,0,30.02,5.3,67
1259571,1-Jul-15,78,0,29.94,7.9,71
1259921,2-Jul-15,83,0,29.95,9.9,75
1260451,3-Jul-15,76,2.25,29.82,12.5,72
1260701,4-Jul-15,80,0,29.97,5.8,72
1260951,5-Jul-15,77,0,30.14,11.7,62
1261221,6-Jul-15,76,0,30.09,7.9,66
1261541,7-Jul-15,78,0,30.01,10,72
1261861,8-Jul-15,86,0,29.99,17,74
1262111,9-Jul-15,84,0,29.98,14.9,75
1262761,10-Jul-15,80,1.55,30.02,12.8,75
1263191,11-Jul-15,76,0.22,30.11,3,71
1263671,12-Jul-15,78,0.23,30.14,4.9,72
1264031,13-Jul-15,79,0,30.08,7.7,72
1264311,14-Jul-15,82,0,29.97,11.5,75
1264661,15-Jul-15,80,0.06,29.86,12.1,73
1265171,16-Jul-15,78,1.19,29.82,4,71
1265421,17-Jul-15,78,0,29.94,7,69
1265671,18-Jul-15,78,0,30.07,7.9,63
1265961,19-Jul-15,76,0,30.06,3.9,67
1266291,20-Jul-15,78,T,30.03,5,72
1266681,21-Jul-15,80,0.37,30.05,6.1,73
1267341,22-Jul-15,80,0.03,30.05,6.5,74
1267681,23-Jul-15,80,0.01,30,7.4,74
1267991,24-Jul-15,84,0.08,29.88,11.4,75
1268491,25-Jul-15,78,0.07,29.94,4.3,73
1268791,26-Jul-15,80,0,29.96,6.7,73
1269041,27-Jul-15,86,0,29.89,10.1,75
1269401,28-Jul-15,82,0.38,29.78,7.6,73
1269661,29-Jul-15,79,0,29.85,5,67
1269911,30-Jul-15,77,0,29.97,7.8,66
1270241,31-Jul-15,78,T,30.03,10.5,70
1270841,1-Aug-15,78,1.12,29.99,8.2,73
1271681,2-Aug-15,76,1.62,30,4.5,73
1272301,3-Aug-15,76,0.8,30.02,6.2,72
1272781,4-Aug-15,76,0.04,30,4.4,72
1273181,5-Aug-15,79,0.06,29.95,5.7,73
1273431,6-Aug-15,80,0,29.93,6.6,74
1273701,7-Aug-15,80,0,29.9,4.6,72
1274091,8-Aug-15,80,0,29.99,8.1,72
1274531,9-Aug-15,78,0.2,30.01,6,73
1275111,10-Aug-15,79,0.23,29.97,6.8,73
1275441,11-Aug-15,80,0,29.94,8.9,73
1275691,12-Aug-15,80,0.01,29.84,6.5,74
1275971,13-Aug-15,81,T,29.83,5.3,71
1276221,14-Aug-15,75,0,29.94,5.5,63
1276551,15-Aug-15,74,0,29.96,4.9,66
1276931,16-Aug-15,77,0.2,29.96,5.2,72
1277211,17-Aug-15,83,0,29.95,6.2,73
1277501,18-Aug-15,82,0.05,29.86,10.7,74
1277821,19-Aug-15,82,0.53,29.8,6.3,72
1278161,20-Aug-15,80,0.06,29.9,4.5,75
1278761,21-Aug-15,83,0.26,29.99,4,75
1279041,22-Aug-15,84,0,29.96,5.7,76
1279561,23-Aug-15,82,1.42,29.87,5.1,77
1279871,24-Aug-15,77,0,29.91,12.9,67
1280121,25-Aug-15,74,0,29.98,11.6,65
1280381,26-Aug-15,76,0,30.01,8.7,65
1280641,27-Aug-15,77,0,29.95,5.9,65
1280911,28-Aug-15,77,0,29.96,6.8,66
1281161,29-Aug-15,78,0,30.04,5,71
1281431,30-Aug-15,80,T,30.12,5.8,74
1281721,31-Aug-15,82,0,30.1,7,75
1281991,1-Sep-15,82,0,30.06,7.8,75
1282251,2-Sep-15,83,0,30.03,8.4,76
1282501,3-Sep-15,81,0,30.02,8.8,74
1282771,4-Sep-15,80,T,30.1,6,73
1283071,5-Sep-15,82,0.1,30.1,6.1,73
1283511,6-Sep-15,80,0.29,30,8,73
1283911,7-Sep-15,80,0.17,29.97,7.1,73
1284471,8-Sep-15,78,0.7,29.98,10.9,73
1284901,9-Sep-15,74,0.01,30.02,3.2,70
1285221,10-Sep-15,77,0,30.02,3.3,70
1285491,11-Sep-15,77,0,29.99,6.7,72
1285851,12-Sep-15,80,0.44,29.98,6.1,74
1286171,13-Sep-15,80,0.16,30.03,4.3,74
1286711,14-Sep-15,72,0.71,30.12,7.1,68
1287151,15-Sep-15,73,0.47,30.13,5.3,68
1287491,16-Sep-15,78,0,29.98,3.6,70
1287791,17-Sep-15,76,T,29.88,4.9,67
1288091,18-Sep-15,75,0.68,29.9,6.6,67
1288351,19-Sep-15,74,0.01,30.04,10.8,65
1288611,20-Sep-15,71,0.01,30.01,10.1,65
1288891,21-Sep-15,77,0.05,29.84,8.1,65
1289141,22-Sep-15,73,0.27,29.95,6,64
1289481,23-Sep-15,64,0.26,30.11,11.9,60
1289921,24-Sep-15,65,0.06,30.12,10.3,61
1290291,25-Sep-15,72,T,30.09,8,68
1290651,26-Sep-15,70,0.01,30.07,10.5,65
1291021,27-Sep-15,73,T,30.08,10.1,65
1291291,28-Sep-15,74,0,30.06,6.9,67
1291571,29-Sep-15,69,0.17,29.94,6.4,64
1291931,30-Sep-15,73,0,29.84,5.3,63
1292221,1-Oct-15,71,0,29.92,3.8,64
1292611,2-Oct-15,72,0,30.03,4.8,66
1293071,3-Oct-15,72,T,29.95,8.7,68
1293421,4-Oct-15,67,0,29.72,7.9,56
1293671,5-Oct-15,56,0,29.95,3.4,41
1293921,6-Oct-15,60,0,30.05,7.1,48
1294181,7-Oct-15,69,0,30.06,6.6,62
1294431,8-Oct-15,78,0,30,10.7,68
1294681,9-Oct-15,70,0,30.06,6.3,57
1294941,10-Oct-15,69,T,30.06,5.1,63
1295191,11-Oct-15,76,0,29.98,8.9,70
1295631,12-Oct-15,70,0,30.07,7.1,66
1296061,13-Oct-15,74,0,30.13,8.4,70
1296511,14-Oct-15,77,0,30,10.2,72
1296951,15-Oct-15,70,0.35,29.84,7,64
1297201,16-Oct-15,66,0,29.8,4.8,54
1297451,17-Oct-15,64,0,29.86,7.7,55
1297701,18-Oct-15,71,0,29.78,6.2,57
1297951,19-Oct-15,59,0,30,5.7,47
1298281,20-Oct-15,59,0,30.05,3.8,52
1298601,21-Oct-15,66,0,29.88,5.2,56
1298851,22-Oct-15,60,0,29.92,6.7,44
1299101,23-Oct-15,58,0,29.97,5.6,44
1299351,24-Oct-15,58,0,29.97,3.8,48
1299711,25-Oct-15,60,0,29.93,3.1,47
1299961,26-Oct-15,68,0,29.86,4.5,51
1300431,27-Oct-15,65,0,30.01,3.2,55
1300981,28-Oct-15,66,0,30.09,6.9,62
1301231,29-Oct-15,74,0,29.99,10,65
1301651,30-Oct-15,62,0.36,29.92,7.7,54
1301901,31-Oct-15,58,0,29.82,5.8,47
1302401,1-Nov-15,48,0.94,29.67,6.9,44
1302651,2-Nov-15,48,0,30.1,7.6,32
1302901,3-Nov-15,47,0,30.34,3.8,33
1303151,4-Nov-15,53,0,30.31,2.9,41
1303591,5-Nov-15,64,0,30.23,3,58
1303961,6-Nov-15,66,0,29.97,10.6,61
1304211,7-Nov-15,52,0,29.9,5.6,38
1304461,8-Nov-15,52,0,29.99,4.6,43
1304711,9-Nov-15,54,T,29.91,3.7,47
1305001,10-Nov-15,53,0,30,8.1,45
1305391,11-Nov-15,67,T,29.86,8.8,59
1305791,12-Nov-15,64,0,29.91,2.4,57
1306091,13-Nov-15,60,0.02,29.94,3.8,57
1306421,14-Nov-15,42,T,30.06,8.1,36
1306671,15-Nov-15,40,0,30.31,6.6,24
1307091,16-Nov-15,48,0.04,30.21,7,41
1307591,17-Nov-15,60,T,29.82,10.6,59
1307861,18-Nov-15,40,0,30.05,7.7,25
1308111,19-Nov-15,34,0,30.33,5.5,22
1308361,20-Nov-15,46,0,30.16,8.4,31
1308611,21-Nov-15,50,0,30.3,8.1,28
1308861,22-Nov-15,45,0,30.43,6.7,36
1309391,23-Nov-15,59,2.22,30.07,9,58
1310181,24-Nov-15,65,0.1,29.83,12.1,64
1310621,25-Nov-15,64,0.37,29.98,5.2,61
1311191,26-Nov-15,55,0.17,29.86,7.1,51
1311561,27-Nov-15,47,0,30.05,7.6,36
1311811,28-Nov-15,40,0,30.28,4.6,26
1312081,29-Nov-15,41,0,30.29,3.1,33
1312471,30-Nov-15,52,0,30.29,6,47
1312931,1-Dec-15,58,0,30.32,4.6,51
1313401,2-Dec-15,58,0.01,30.3,5.1,52
1313791,3-Dec-15,59,0,30.23,2.6,53
1314411,4-Dec-15,56,0,30.27,5.4,51
1314681,5-Dec-15,54,0,30.33,6.4,46
1315101,6-Dec-15,60,0.09,30.15,4.2,54
1315441,7-Dec-15,52,T,30.15,14.4,41
1315751,8-Dec-15,48,0.07,30.21,8.8,37
1316041,9-Dec-15,46,0.01,29.93,7.1,40
1316291,10-Dec-15,46,T,29.95,5,35
1316561,11-Dec-15,41,0,30.03,3.9,28
1316811,12-Dec-15,46,0,30.13,4.5,25
1317061,13-Dec-15,46,0,30.07,3.2,30
1317311,14-Dec-15,47,0,29.99,3.4,33
1317821,15-Dec-15,45,0,30.04,2.2,37
1318431,16-Dec-15,49,0,29.99,8.7,46
1318681,17-Dec-15,52,0,30.03,4.8,42
1319001,18-Dec-15,46,0,30.07,3.1,36
1319251,19-Dec-15,46,0,30.08,3.4,36
1319681,20-Dec-15,45,0.15,30.17,7.5,42
1320021,21-Dec-15,46,0.02,30.18,9.4,38
1320491,22-Dec-15,46,0.09,30.01,7.5,44
1321151,23-Dec-15,53,0.42,29.96,4.7,50
1321981,24-Dec-15,66,2.24,29.79,12,63
1322291,25-Dec-15,52,T,29.96,6,45
1322841,26-Dec-15,48,0,30.25,1.8,40
1323391,27-Dec-15,48,0,30.25,1.5,41
1323701,28-Dec-15,58,T,30.07,3.8,54
1324231,29-Dec-15,57,0.1,30,4,56
1324651,30-Dec-15,48,T,30.19,8.9,42
1324911,31-Dec-15,40,0,30.36,4.7,30
145424,1-Jan-16,60,0.12,30.05,6.6,49
145449,2-Jan-16,44,0,30.14,4.5,34
145480,3-Jan-16,44,0,30,2.3,37
145505,4-Jan-16,42,0,29.98,8.5,29
145530,5-Jan-16,34,0,30.44,10.1,14
145561,6-Jan-16,40,0,30.4,10.2,28
145589,7-Jan-16,52,0,30.1,10.2,42
145636,8-Jan-16,48,T,30.01,6,47
145695,9-Jan-16,58,0.15,29.9,8,55
145727,10-Jan-16,55,T,29.7,12.5,49
145752,11-Jan-16,40,0,30.08,4,24
145777,12-Jan-16,43,0,30.06,7.4,23
145802,13-Jan-16,39,0,30.1,3,26
145827,14-Jan-16,44,0,30.1,5.6,34
145879,15-Jan-16,51,0.77,29.73,10,49
145907,16-Jan-16,56,0,29.71,6.9,46
145954,17-Jan-16,40,0.27,29.74,6.6,39
145979,18-Jan-16,38,0,30.02,6.2,24
146005,19-Jan-16,31,0,30.3,6,10
146030,20-Jan-16,32,T,30.29,3,18
146055,21-Jan-16,43,0,30.18,5.1,30
146091,22-Jan-16,38,0.52,29.86,12.8,34
146124,23-Jan-16,34,T,29.56,9.5,26
146149,24-Jan-16,40,0,30.02,5.4,23
146174,25-Jan-16,40,0,30.25,2.6,33
146208,26-Jan-16,49,0,30.2,2.2,46
146251,27-Jan-16,54,T,30.04,4.4,49
146286,28-Jan-16,46,0.07,29.88,6.8,40
146320,29-Jan-16,48,T,29.77,6.5,37
146353,30-Jan-16,45,0,30.1,5,36
146392,31-Jan-16,50,0,30.09,5.8,42
146417,1-Feb-16,60,0,29.98,8,NA
146454,2-Feb-16,56,0,30.1,6.7,NA
146499,3-Feb-16,61,1.16,30.03,10.3,NA
146598,4-Feb-16,60,1.82,29.95,7.9,NA
146636,5-Feb-16,44,0.03,30.14,7.9,NA
146661,6-Feb-16,42,0.16,30.3,8.4,NA
146700,7-Feb-16,40,1.11,29.88,14.4,NA
146726,8-Feb-16,44,0.02,29.77,9.1,NA
146751,9-Feb-16,43,T,29.69,11.9,NA
146776,10-Feb-16,36,0,29.92,9.3,NA
146801,11-Feb-16,39,0,30.15,5.4,NA
146829,12-Feb-16,36,0,30.1,6.7,NA
146854,13-Feb-16,36,0,30.17,5.8,NA
146880,14-Feb-16,30,0,30.43,10,NA
146908,15-Feb-16,47,0.04,30.2,8.2,NA
146952,16-Feb-16,54,1.07,29.74,8.7,NA
146977,17-Feb-16,52,0,29.98,4.6,NA
147002,18-Feb-16,47,0,30.34,6.9,NA
147027,19-Feb-16,42,0,30.45,5.6,NA
147052,20-Feb-16,52,0,30.22,6.6,NA
147077,21-Feb-16,62,0,30.04,10,NA
147123,22-Feb-16,58,0.13,29.95,6.3,NA
147189,23-Feb-16,58,0.12,29.93,5.8,NA
147243,24-Feb-16,63,0.51,29.66,16.6,NA
147268,25-Feb-16,52,0,29.77,13.5,NA
147293,26-Feb-16,46,0,30.05,5.7,NA
147318,27-Feb-16,42,0,30.19,7.1,NA
147345,28-Feb-16,48,0,30.15,9.9,NA
147370,29-Feb-16,56,0,30.02,NA,NA
147395,1-Mar-16,56,0,30.02,9.2,50
147425,2-Mar-16,55,0.03,29.87,11,42
147453,3-Mar-16,46,0.3,30.1,10.9,36
147487,4-Mar-16,48,0.09,29.92,7.3,40
147512,5-Mar-16,46,0,30.14,6.6,40
147544,6-Mar-16,52,0,30.15,4.1,42
147582,7-Mar-16,50,0,30.3,4.1,44
147616,8-Mar-16,58,0,30.24,8.1,52
147643,9-Mar-16,60,0,30.24,5.7,55
147680,10-Mar-16,66,0,30.22,9.9,61
147705,11-Mar-16,68,0,30.15,11.6,61
147732,12-Mar-16,67,0,30.16,3.2,61
147760,13-Mar-16,67,T,29.96,11.1,62
147798,14-Mar-16,68,0,29.83,9.9,62
147832,15-Mar-16,68,0.01,29.8,6.6,57
147857,16-Mar-16,70,0,29.82,9.1,60
147882,17-Mar-16,67,0,29.86,4.1,49
147907,18-Mar-16,64,0,29.89,6.1,49
147936,19-Mar-16,63,0,29.85,5.8,57
147979,20-Mar-16,52,0.22,29.86,8,45
148008,21-Mar-16,50,0,30.01,6.7,34
148033,22-Mar-16,50,0,30.24,9.1,39
148058,23-Mar-16,64,0,30.19,14.4,50
148095,24-Mar-16,64,T,30.07,6.7,58
148126,25-Mar-16,70,T,29.85,12.7,62
148179,26-Mar-16,66,0.2,30.09,5.8,61
148237,27-Mar-16,64,0.62,30.11,6.4,62
148274,28-Mar-16,71,T,29.83,7.6,58
148299,29-Mar-16,59,0,30.03,6.1,43
148324,30-Mar-16,58,0,30.22,9.6,50
148356,31-Mar-16,66,0,30.03,7.6,63
148402,1-Apr-16,68,0.36,29.83,12.3,66
148435,2-Apr-16,68,T,29.67,12.1,55
148460,3-Apr-16,56,0,29.93,5.6,34
148487,4-Apr-16,58,0,30.04,10.4,47
148512,5-Apr-16,52,0,30.07,11.8,37
148537,6-Apr-16,50,0,30.25,7.2,41
148569,7-Apr-16,66,0.43,29.75,14.1,50
148594,8-Apr-16,60,T,29.78,6.6,43
148619,9-Apr-16,55,0,29.92,8.6,28
148644,10-Apr-16,46,0,30.31,7,29
148669,11-Apr-16,57,0,30.26,7.5,51
148707,12-Apr-16,64,0.02,30.09,3.4,60
148741,13-Apr-16,62,0,30.15,10.7,50
148766,14-Apr-16,58,0,30.15,12.2,38
148791,15-Apr-16,58,0,30.19,12.9,44
148816,16-Apr-16,57,0,30.26,9.9,44
148841,17-Apr-16,58,0,30.29,8.2,37
148866,18-Apr-16,60,0,30.24,5,42
148891,19-Apr-16,71,0,30.08,7.4,47
148918,20-Apr-16,66,0,30.08,8.8,52
148950,21-Apr-16,66,0,30.11,8.2,60
148990,22-Apr-16,71,0.09,30,10.3,64
149027,23-Apr-16,70,T,29.82,5.2,59
149052,24-Apr-16,65,0,30.01,5.3,53
149085,25-Apr-16,62,0,30.04,6.6,56
149110,26-Apr-16,68,0,29.94,13,61
149135,27-Apr-16,73,0,29.86,13.8,65
149172,28-Apr-16,74,0.09,29.89,11.5,67
149203,29-Apr-16,76,0,29.9,7.3,65
149258,30-Apr-16,68,0,30.03,10.1,63
149302,1-May-16,72,0.7,30.04,7.9,67
149333,2-May-16,74,T,29.98,9.9,70
149401,3-May-16,72,1.57,29.8,10.2,68
149429,4-May-16,72,0.02,29.62,7.3,59
149460,5-May-16,62,0.13,29.53,6.6,50
149491,6-May-16,58,T,29.72,4.7,49
149516,7-May-16,65,0,29.8,8.1,48
149541,8-May-16,77,0,29.84,7.1,60
149566,9-May-16,74,0,30.01,7.6,64
149591,10-May-16,74,0,30.12,8.3,66
149623,11-May-16,72,0,30.11,9.8,67
149655,12-May-16,76,0.13,30.04,9.2,66
149713,13-May-16,72,1.26,29.91,4.1,67
149757,14-May-16,74,0,29.81,8.1,63
149782,15-May-16,64,0,29.96,5.9,46
149807,16-May-16,62,0,30.16,8.4,49
149840,17-May-16,74,0.31,30.08,5.6,67
149887,18-May-16,68,0.03,29.92,8.1,65
149922,19-May-16,67,0,30.03,7.5,60
149955,20-May-16,68,T,30.08,10.5,62
150002,21-May-16,75,0.01,29.88,5.1,68
150041,22-May-16,70,0.07,29.78,5.9,62
150068,23-May-16,64,T,29.9,4.4,55
150097,24-May-16,64,0,30.08,7.6,56
150122,25-May-16,70,0,30.17,8,66
150147,26-May-16,75,0,30.14,9,67
150172,27-May-16,72,0,30.09,6.9,64
150205,28-May-16,74,0.13,30.07,7.1,69
150253,29-May-16,76,0.78,29.95,9,71
150303,30-May-16,76,T,29.88,7.5,70
150367,31-May-16,75,0.07,29.85,7,71
150407,1-Jun-16,80,0.05,29.91,4.9,NA
150447,2-Jun-16,77,0,30,6.6,NA
150479,3-Jun-16,78,0.13,29.99,7.5,NA
150510,4-Jun-16,82,0,29.95,12.1,NA
150542,5-Jun-16,80,0.03,29.87,13.8,NA
150606,6-Jun-16,78,0.77,29.84,8.5,NA
150657,7-Jun-16,81,0.07,29.64,7.6,NA
150682,8-Jun-16,77,0.00s,29.78,5,NA
150707,9-Jun-16,72,0,29.96,5.7,NA
150732,10-Jun-16,76,0,30.03,5.1,NA
150759,11-Jun-16,79,0,30.07,11.8,NA
150784,12-Jun-16,86,0,29.93,7.1,NA
150809,13-Jun-16,80,0,29.87,7.9,NA
150850,14-Jun-16,81,0,29.9,9.8,NA
150891,15-Jun-16,80,0.04,29.89,8.5,NA
150921,16-Jun-16,86,0,29.75,8.2,NA
150946,17-Jun-16,83,0,29.71,7.6,NA
150974,18-Jun-16,78,0,30.02,11.8,NA
150999,19-Jun-16,74,0,30.25,9,NA
151024,20-Jun-16,72,0,30.21,7.7,NA
151049,21-Jun-16,78,0,30.06,16,NA
151074,22-Jun-16,82,0,30,15,NA
151099,23-Jun-16,84,0,29.99,14.3,NA
151133,24-Jun-16,82,1.12,29.96,10.2,NA
151174,25-Jun-16,82,T,30,6.5,NA
151208,26-Jun-16,78,T,30.09,7.9,NA
151237,27-Jun-16,79,0,30.03,6.8,NA
151283,28-Jun-16,80,1.03,29.92,3.9,NA
151324,29-Jun-16,80,T,29.91,5.1,NA
151368,30-Jun-16,78,0,29.96,NA,NA
151417,1-Jul-16,79,0.1,29.97,8.5,NA
151451,2-Jul-16,82,0,29.99,11.3,NA
151483,3-Jul-16,84,0.18,30,12.6,NA
151518,4-Jul-16,84,0,30.01,13.9,NA
151543,5-Jul-16,87,0,29.96,14.4,NA
151570,6-Jul-16,86,T,29.97,9.2,NA
151603,7-Jul-16,84,0.03,29.92,11.8,NA
151631,8-Jul-16,84,0.13,29.89,8.6,NA
151659,9-Jul-16,84,T,29.9,7,NA
